Aligned_Sequence,Reference_Sequence,lib_name,Reference_Name,n_deleted,n_inserted,n_mutated,#Reads,%Reads,Read_Status
ATCAGGAGCATGCTCGGCGAGACGAGGCTGTGCGACGCGCTCACCGACGTCGTCATCCCCACCTTCGACGTCAAGCTTCTCCAGCCCATCATCTTCTCCA,ATCAGGAGCATGCTCGGCGAGACGAGGCTGTGCGACGCGCTCACCGACGTCGTCATCCCCACCTTCGACGTCAAGCTTCTCCAGCCCATCATCTTCTCCA,TAPLA12_Samp22_A,TAPLA12_A,0,0,0,3459,91.87250996015936,WT
ATCAGGAGCATGCTCGGCGAGACGAGGCTGTCCGACGCGCTCACCGACGTGGTCATCCCCACCTTCGACGTCAAGCTTCTCCAGCCCATCATCTTCTCCA,ATCAGGAGCATGCTCGGCGAGACGAGGCTGTGCGACGCGCTCACCGACGTCGTCATCCCCACCTTCGACGTCAAGCTTCTCCAGCCCATCATCTTCTCCA,TAPLA12_Samp22_A,TAPLA12_A,0,0,2,111,2.948207171314741,SNP
ATCAGGAGCATGCTCGGCGAGACGAGGCTGTGCGACGCGCTCACCGACGTGGTCATCCCCACCTTCGACGTCAAGCTTCTCCAGCCCATCATCTTCTCCA,ATCAGGAGCATGCTCGGCGAGACGAGGCTGTGCGACGCGCTCACCGACGTCGTCATCCCCACCTTCGACGTCAAGCTTCTCCAGCCCATCATCTTCTCCA,TAPLA12_Samp22_A,TAPLA12_A,0,0,1,58,1.5405046480743692,SNP
ATCAGGAGCATGCTCGGCGAGACGAGGCTGTCCGACGCGCTCACCGACGTCGTCATCCCCACCTTCGACGTCAAGCTTCTCCAGCCCATCATCTTCTCCA,ATCAGGAGCATGCTCGGCGAGACGAGGCTGTGCGACGCGCTCACCGACGTCGTCATCCCCACCTTCGACGTCAAGCTTCTCCAGCCCATCATCTTCTCCA,TAPLA12_Samp22_A,TAPLA12_A,0,0,1,31,0.8233731739707836,SNP
ATCAGGAGCATGCTCGGCGAGACGATGCTGTGCGACGCGCTCACCGACGTCGTCATCCCCACCTTCGACGTCAAGCTTCTCCAGCCCATCATCTTCTCCA,ATCAGGAGCATGCTCGGCGAGACGAGGCTGTGCGACGCGCTCACCGACGTCGTCATCCCCACCTTCGACGTCAAGCTTCTCCAGCCCATCATCTTCTCCA,TAPLA12_Samp22_A,TAPLA12_A,0,0,1,5,0.13280212483399734,SNP
ATCAGGAGCATGCTCGGCGAGACGAGGCTGTGCGACGCGCTCACCGACGTCATCATCCCCACCTTCGACGTCAAGCTTCTCCAGCCCATCATCTTCTCCA,ATCAGGAGCATGCTCGGCGAGACGAGGCTGTGCGACGCGCTCACCGACGTCGTCATCCCCACCTTCGACGTCAAGCTTCTCCAGCCCATCATCTTCTCCA,TAPLA12_Samp22_A,TAPLA12_A,0,0,1,4,0.10624169986719788,SNP
ATCAGGAGCATGCTCGGCGAGACGAGGCTGTGCGACGCACTCACCGACGTCGTCATCCCCACCTTCGACGTCAAGCTTCTCCAGCCCATCATCTTCTCCA,ATCAGGAGCATGCTCGGCGAGACGAGGCTGTGCGACGCGCTCACCGACGTCGTCATCCCCACCTTCGACGTCAAGCTTCTCCAGCCCATCATCTTCTCCA,TAPLA12_Samp22_A,TAPLA12_A,0,0,1,4,0.10624169986719788,SNP
ATCAGGAGCATGCTCGACGAGACGAGGCTGTGCGACGCGCTCACCGACGTCGTCATCCCCACCTTCGACGTCAAGCTTCTCCAGCCCATCATCTTCTCCA,ATCAGGAGCATGCTCGGCGAGACGAGGCTGTGCGACGCGCTCACCGACGTCGTCATCCCCACCTTCGACGTCAAGCTTCTCCAGCCCATCATCTTCTCCA,TAPLA12_Samp22_A,TAPLA12_A,0,0,1,4,0.10624169986719788,SNP
ATCAGGAGCATGCTCGGCGAGACGAGGCTGTGCGACGCGCTCACCGACGTCGCCATCCCCACCTTCGACGTCAAGCTTCTCCAGCCCATCATCTTCTCCA,ATCAGGAGCATGCTCGGCGAGACGAGGCTGTGCGACGCGCTCACCGACGTCGTCATCCCCACCTTCGACGTCAAGCTTCTCCAGCCCATCATCTTCTCCA,TAPLA12_Samp22_A,TAPLA12_A,0,0,1,3,0.0796812749003984,SNP
ATCAGGAGCATGCTCGGCGAGACGAGGCTGTGCGACGCGCTCACCGACGTCGTCATCCCCACCTTCGACATCAAGCTTCTCCAGCCCATCATCTTCTCCA,ATCAGGAGCATGCTCGGCGAGACGAGGCTGTGCGACGCGCTCACCGACGTCGTCATCCCCACCTTCGACGTCAAGCTTCTCCAGCCCATCATCTTCTCCA,TAPLA12_Samp22_A,TAPLA12_A,0,0,1,3,0.0796812749003984,SNP
ATCAGGAGCATGCTCGGCGAGACGAGGCTGTGTGACGCGCTCACCGACGTCGTCATCCCCACCTTCGACGTCAAGCTTCTCCAGCCCATCATCTTCTCCA,ATCAGGAGCATGCTCGGCGAGACGAGGCTGTGCGACGCGCTCACCGACGTCGTCATCCCCACCTTCGACGTCAAGCTTCTCCAGCCCATCATCTTCTCCA,TAPLA12_Samp22_A,TAPLA12_A,0,0,1,3,0.0796812749003984,SNP
ATCAGGAGCATGCTCGGCGAGACGAGGCTGTGCGACGCGCTCACCGACGTCGTCATCCCCACCTTCGACGTCAAGCTTCTCCAGCCCACCATCTTCTCCA,ATCAGGAGCATGCTCGGCGAGACGAGGCTGTGCGACGCGCTCACCGACGTCGTCATCCCCACCTTCGACGTCAAGCTTCTCCAGCCCATCATCTTCTCCA,TAPLA12_Samp22_A,TAPLA12_A,0,0,1,3,0.0796812749003984,SNP
ATCAGGAGCATGCTCGGCGAGGCGAGGCTGTGCGACGCGCTCACCGACGTCGTCATCCCCACCTTCGACGTCAAGCTTCTCCAGCCCATCATCTTCTCCA,ATCAGGAGCATGCTCGGCGAGACGAGGCTGTGCGACGCGCTCACCGACGTCGTCATCCCCACCTTCGACGTCAAGCTTCTCCAGCCCATCATCTTCTCCA,TAPLA12_Samp22_A,TAPLA12_A,0,0,1,3,0.0796812749003984,SNP
ATCAGGAGCATGCTCGGCGAGACGAGGCTGTGCGACGCGCTCACCGACGTCGTCATCCCCACCTTCGGCGTCAAGCTTCTCCAGCCCATCATCTTCTCCA,ATCAGGAGCATGCTCGGCGAGACGAGGCTGTGCGACGCGCTCACCGACGTCGTCATCCCCACCTTCGACGTCAAGCTTCTCCAGCCCATCATCTTCTCCA,TAPLA12_Samp22_A,TAPLA12_A,0,0,1,3,0.0796812749003984,SNP
ATCAGGAGCATGCTCGGCGAGACGAGACTGTGCGACGCGCTCACCGACGTCGTCATCCCCACCTTCGACGTCAAGCTTCTCCAGCCCATCATCTTCTCCA,ATCAGGAGCATGCTCGGCGAGACGAGGCTGTGCGACGCGCTCACCGACGTCGTCATCCCCACCTTCGACGTCAAGCTTCTCCAGCCCATCATCTTCTCCA,TAPLA12_Samp22_A,TAPLA12_A,0,0,1,3,0.0796812749003984,SNP
ATCAGGGGCATGCTCGGCGAGACGAGGCTGTGCGACGCGCTCACCGACGTCGTCATCCCCACCTTCGACGTCAAGCTTCTCCAGCCCATCATCTTCTCCA,ATCAGGAGCATGCTCGGCGAGACGAGGCTGTGCGACGCGCTCACCGACGTCGTCATCCCCACCTTCGACGTCAAGCTTCTCCAGCCCATCATCTTCTCCA,TAPLA12_Samp22_A,TAPLA12_A,0,0,1,2,0.05312084993359894,SNP
ATCAGGAGCATGCTCGGCGAGACGAGTCTGTGCGACGCGCTCACCGACGTCGTCATCCCCACCTTCGACGTCAAGCTTCTCCAGCCCATCATCTTCTCCA,ATCAGGAGCATGCTCGGCGAGACGAGGCTGTGCGACGCGCTCACCGACGTCGTCATCCCCACCTTCGACGTCAAGCTTCTCCAGCCCATCATCTTCTCCA,TAPLA12_Samp22_A,TAPLA12_A,0,0,1,2,0.05312084993359894,SNP
ATCAGGAGCATGCTCGGCGAGACGAGGCTGTGCGACGCGCTCACCGACGTCGTCATCCCCACCTTCGACGTCAAGCTTCTCCAGCCCATC-GTCTTCT---CCA,ATCAGGAGCATGCTCGGCGAGACGAGGCTGTGCGACGCGCTCACCGACGTCGTCATCCCCACCTTCGACGTCAAGCTTCTCCAGCCCATCA----TCTTCTCCA,TAPLA12_Samp22_A,TAPLA12_A,4,4,0,2,0.05312084993359894,3N
ATCATGAGCATGCTCGGCGAGACGAGGCTGTGCGACGCGCTCACCGACGTCGTCATCCCCACCTTCGACGTCAAGCTTCTCCAGCCCATCATCTTCTCCA,ATCAGGAGCATGCTCGGCGAGACGAGGCTGTGCGACGCGCTCACCGACGTCGTCATCCCCACCTTCGACGTCAAGCTTCTCCAGCCCATCATCTTCTCCA,TAPLA12_Samp22_A,TAPLA12_A,0,0,1,2,0.05312084993359894,SNP
ATCCGGAGCATGCTCGGCGAGACGAGGCTGTGCGACGCGCTCACCGACGTCGTCATCCCCACCTTCGACGTCAAGCTTCTCCAGCCCATCATCTTCTCCA,ATCAGGAGCATGCTCGGCGAGACGAGGCTGTGCGACGCGCTCACCGACGTCGTCATCCCCACCTTCGACGTCAAGCTTCTCCAGCCCATCATCTTCTCCA,TAPLA12_Samp22_A,TAPLA12_A,0,0,1,2,0.05312084993359894,SNP
ATCAGGAGCATGCTCGGCGAGACGAGGCTGTGCGACGCGCTCACCGACGTCGTCATCCCCACCTTCGATGTCAAGCTTCTCCAGCCCATCATCTTCTCCA,ATCAGGAGCATGCTCGGCGAGACGAGGCTGTGCGACGCGCTCACCGACGTCGTCATCCCCACCTTCGACGTCAAGCTTCTCCAGCCCATCATCTTCTCCA,TAPLA12_Samp22_A,TAPLA12_A,0,0,1,2,0.05312084993359894,SNP
ATCAGGAGCATGCTCGGCGAGACGAGGCTGTGCGACGCGCTCACCGACGTCGTCATCCCCACCTTCGACGCCAAGCTTCTCCAGCCCATCATCTTCTCCA,ATCAGGAGCATGCTCGGCGAGACGAGGCTGTGCGACGCGCTCACCGACGTCGTCATCCCCACCTTCGACGTCAAGCTTCTCCAGCCCATCATCTTCTCCA,TAPLA12_Samp22_A,TAPLA12_A,0,0,1,2,0.05312084993359894,SNP
ATCAGGAGCATGCTCGGCGAGACGAGGCTGTACGACGCGCTCACCGACGTCGTCATCCCCACCTTCGACGTCAAGCTTCTCCAGCCCATCATCTTCTCCA,ATCAGGAGCATGCTCGGCGAGACGAGGCTGTGCGACGCGCTCACCGACGTCGTCATCCCCACCTTCGACGTCAAGCTTCTCCAGCCCATCATCTTCTCCA,TAPLA12_Samp22_A,TAPLA12_A,0,0,1,2,0.05312084993359894,SNP
GTCAGGAGCATGCTCGGCGAGACGAGGCTGTGCGACGCGCTCACCGACGTCGTCATCCCCACCTTCGACGTCAAGCTTCTCCAGCCCATCATCTTCTCCA,ATCAGGAGCATGCTCGGCGAGACGAGGCTGTGCGACGCGCTCACCGACGTCGTCATCCCCACCTTCGACGTCAAGCTTCTCCAGCCCATCATCTTCTCCA,TAPLA12_Samp22_A,TAPLA12_A,0,0,1,2,0.05312084993359894,SNP
ATCAGGAGCATGCTCGTCGAGACGAGGCTGTGCGACGCGCTCACCGACGTCGTCATCCCCACCTTCGACGTCAAGCTTCTCCAGCCCATCATCTTCTCCA,ATCAGGAGCATGCTCGGCGAGACGAGGCTGTGCGACGCGCTCACCGACGTCGTCATCCCCACCTTCGACGTCAAGCTTCTCCAGCCCATCATCTTCTCCA,TAPLA12_Samp22_A,TAPLA12_A,0,0,1,2,0.05312084993359894,SNP
ATCAGGAGCATGTTCGGCGAGACGAGGCTGTGCGACGCGCTCACCGACGTCGTCATCCCCACCTTCGACGTCAAGCTTCTCCAGCCCATCATCTTCTCCA,ATCAGGAGCATGCTCGGCGAGACGAGGCTGTGCGACGCGCTCACCGACGTCGTCATCCCCACCTTCGACGTCAAGCTTCTCCAGCCCATCATCTTCTCCA,TAPLA12_Samp22_A,TAPLA12_A,0,0,1,2,0.05312084993359894,SNP
ATCAGGAGCATGCTCGGCGAGACGAGGCTGTGCGACGCGCTCATCGACGTCGTCATCCCCACCTTCGACGTCAAGCTTCTCCAGCCCATCATCTTCTCCA,ATCAGGAGCATGCTCGGCGAGACGAGGCTGTGCGACGCGCTCACCGACGTCGTCATCCCCACCTTCGACGTCAAGCTTCTCCAGCCCATCATCTTCTCCA,TAPLA12_Samp22_A,TAPLA12_A,0,0,1,1,0.02656042496679947,SNP
ATCAGGAGCATGCTCGGCGAGACGAGGCTGTGCGACGCGCTCACCGACGTCGTCATCCCCACCTTCGACGTCAAGCTTCTCCAGCCCTTCATCTTCTCCA,ATCAGGAGCATGCTCGGCGAGACGAGGCTGTGCGACGCGCTCACCGACGTCGTCATCCCCACCTTCGACGTCAAGCTTCTCCAGCCCATCATCTTCTCCA,TAPLA12_Samp22_A,TAPLA12_A,0,0,1,1,0.02656042496679947,SNP
ATCAGGAGCATGCTCGGCGAGACGAGGCTGTGCGACGCGCTCACCGACGTCGTCATCCCCACCTTCGACGTCATGCTTCTCCAGCCCATCATCTTCTCCA,ATCAGGAGCATGCTCGGCGAGACGAGGCTGTGCGACGCGCTCACCGACGTCGTCATCCCCACCTTCGACGTCAAGCTTCTCCAGCCCATCATCTTCTCCA,TAPLA12_Samp22_A,TAPLA12_A,0,0,1,1,0.02656042496679947,SNP
ATCAGGAGCATGCTCGGCGAGACGAGGCTGTGCGACGCGCTCACCGACGTCGTCATCCTCACCTTCGACGTCAAGCTTCTCCAGCCCATCATCTTCTCCA,ATCAGGAGCATGCTCGGCGAGACGAGGCTGTGCGACGCGCTCACCGACGTCGTCATCCCCACCTTCGACGTCAAGCTTCTCCAGCCCATCATCTTCTCCA,TAPLA12_Samp22_A,TAPLA12_A,0,0,1,1,0.02656042496679947,SNP
ATCAGGAGCATGCTCGGCGAGACGAGGCTGTGCGACGCGCTCACCGACGTCGTCATCCCCACCTTCGACGTCAAGCTTCTCCAGC-TCATCATCTTCT-C-C-A,ATCAGGAGCATGCTCGGCGAGACGAGGCTGTGCGACGCGCTCACCGACGTCGTCATCCCCACCTTCGACGTCAAGCTTCTCCAGCC----CATCATCTTCTCCA,TAPLA12_Samp22_A,TAPLA12_A,4,4,1,1,0.02656042496679947,3N
ATCAGGAGCATGCTCGGCGAGACGAGGCTGTGCGACTCGCTCACCGACGTCGTCATCCCCACCTTCGACGTCAAGCTTCTCCAGCCCATCATCTTCTCCA,ATCAGGAGCATGCTCGGCGAGACGAGGCTGTGCGACGCGCTCACCGACGTCGTCATCCCCACCTTCGACGTCAAGCTTCTCCAGCCCATCATCTTCTCCA,TAPLA12_Samp22_A,TAPLA12_A,0,0,1,1,0.02656042496679947,SNP
ATCAGGAGCATGCTCGGCGAGACGAGGCTGTGCGACGCGCTCACCGACGTCGTCATCCCCACCTTCGACGTCAAGCTTCTCCAGCCCATCATCTACTCCA,ATCAGGAGCATGCTCGGCGAGACGAGGCTGTGCGACGCGCTCACCGACGTCGTCATCCCCACCTTCGACGTCAAGCTTCTCCAGCCCATCATCTTCTCCA,TAPLA12_Samp22_A,TAPLA12_A,0,0,1,1,0.02656042496679947,SNP
ATCAGGAGCATGCTCGGCGAGACGAGGCTGTGCGACGCGCTCACCGACGTCGTCATCCCCACCTTCGACGTCAAGCTTCTCCAGCCAATCATCTTCTCCA,ATCAGGAGCATGCTCGGCGAGACGAGGCTGTGCGACGCGCTCACCGACGTCGTCATCCCCACCTTCGACGTCAAGCTTCTCCAGCCCATCATCTTCTCCA,TAPLA12_Samp22_A,TAPLA12_A,0,0,1,1,0.02656042496679947,SNP
ATCAGGAGCATGCTCGGCGAGACGAGGCTGTGCGACGCGCTCACCGACGTCGTCATCCCCACCTTCGACGTCAAGCTACTCCAGCCCATCATCTTCTCCA,ATCAGGAGCATGCTCGGCGAGACGAGGCTGTGCGACGCGCTCACCGACGTCGTCATCCCCACCTTCGACGTCAAGCTTCTCCAGCCCATCATCTTCTCCA,TAPLA12_Samp22_A,TAPLA12_A,0,0,1,1,0.02656042496679947,SNP
ATCAGGAGCATGCTCGGCGAGACGAGGCTGTGCGACGCGCTCACCGACGTCGTCATCCCCACCTTCGACGTCAAGCTTCTCCAGCCCATC---TTCTTCTCC-A,ATCAGGAGCATGCTCGGCGAGACGAGGCTGTGCGACGCGCTCACCGACGTCGTCATCCCCACCTTCGACGTCAAGCTTCTCCAGCCCATCATCTTCT----CCA,TAPLA12_Samp22_A,TAPLA12_A,4,4,0,1,0.02656042496679947,3N
ATCAGGAGCATGCTCGGCGAGACGAGGCTGTGCGACGCGCTCACCGACGTCGTCATCTCCACCTTCGACGTCAAGCTTCTCCAGCCCATCATCTTCTCCA,ATCAGGAGCATGCTCGGCGAGACGAGGCTGTGCGACGCGCTCACCGACGTCGTCATCCCCACCTTCGACGTCAAGCTTCTCCAGCCCATCATCTTCTCCA,TAPLA12_Samp22_A,TAPLA12_A,0,0,1,1,0.02656042496679947,SNP
ATCAGGAGCATGCTCGGCGAGACGAGGCTGTGCGACGCGCTCACCGACGTAGTCATCA---CCACCTTCGACGTCAAGCTTCTCCAGCCCATCATCTTCTCCA,ATCAGGAGCATGCTCGGCGAGACGAGGCTGTGCGACGCGCTCACCGACGTCG---TCATCCCCACCTTCGACGTCAAGCTTCTCCAGCCCATCATCTTCTCCA,TAPLA12_Samp22_A,TAPLA12_A,3,3,1,1,0.02656042496679947,3N
ATCAGGAGCATGCTCGGCGAGACGAGGCCGTGCGACGCGCTCACCGACGTCGTCATCCCCACCTTCGACGTCAAGCTTCTCCAGCCCATCATCTTCTCCA,ATCAGGAGCATGCTCGGCGAGACGAGGCTGTGCGACGCGCTCACCGACGTCGTCATCCCCACCTTCGACGTCAAGCTTCTCCAGCCCATCATCTTCTCCA,TAPLA12_Samp22_A,TAPLA12_A,0,0,1,1,0.02656042496679947,SNP
ATCAGGAGCATGCTCGGCGAGACGAGGCTGTGCGACGCGCTCACCGACGTCGTCATCCCCACCTTCGACGTCAAGCTTCTCCAGCCCATCATCTTC-CCA,ATCAGGAGCATGCTCGGCGAGACGAGGCTGTGCGACGCGCTCACCGACGTCGTCATCCCCACCTTCGACGTCAAGCTTCTCCAGCCCATCATCTTCTCCA,TAPLA12_Samp22_A,TAPLA12_A,1,0,0,1,0.02656042496679947,3N+2
ATCAGGAGCATGCTCGGCGAGACGAGGCTGTGCGACGCGCTCACCGACGTCGTCATCCCCACCTTCGAAGTCAAGCTTCTCCAGCCCATCATCTTCTCCA,ATCAGGAGCATGCTCGGCGAGACGAGGCTGTGCGACGCGCTCACCGACGTCGTCATCCCCACCTTCGACGTCAAGCTTCTCCAGCCCATCATCTTCTCCA,TAPLA12_Samp22_A,TAPLA12_A,0,0,1,1,0.02656042496679947,SNP
ATCAGGAGCATGCTCGGCGAGACGAGGCTGTGCGACGTGCTCACCGACGTCGTCATCCCCACCTTCGACGTCAAGCTTCTCCAGCCCATCATCTTCTCCA,ATCAGGAGCATGCTCGGCGAGACGAGGCTGTGCGACGCGCTCACCGACGTCGTCATCCCCACCTTCGACGTCAAGCTTCTCCAGCCCATCATCTTCTCCA,TAPLA12_Samp22_A,TAPLA12_A,0,0,1,1,0.02656042496679947,SNP
ATCAGGAGCATGCTCGGCGAGACGAGGCTGTGCGACGCGCTCACCGACGTCGTCATCCCCACCTTCGACTTCAAGCTTCTCCAGCCCATCATCTTCTCCA,ATCAGGAGCATGCTCGGCGAGACGAGGCTGTGCGACGCGCTCACCGACGTCGTCATCCCCACCTTCGACGTCAAGCTTCTCCAGCCCATCATCTTCTCCA,TAPLA12_Samp22_A,TAPLA12_A,0,0,1,1,0.02656042496679947,SNP
ATCAGGAGCATGCTCGGCGAGAGGAGGCTGTGCGACGCGCTCACCGACGTCGTCATCCCCACCTTCGACGTCAAGCTTCTCCAGCCCATCATCTTCTCCA,ATCAGGAGCATGCTCGGCGAGACGAGGCTGTGCGACGCGCTCACCGACGTCGTCATCCCCACCTTCGACGTCAAGCTTCTCCAGCCCATCATCTTCTCCA,TAPLA12_Samp22_A,TAPLA12_A,0,0,1,1,0.02656042496679947,SNP
ATCAGGAGCATGCTCGGCGAGACGAGGCTGTGCGACGCGCTCACCGACGTCGTCAT-CCCACCTTCGACGTCAAGCTTCTCCAGCCCATCATCTTCTCCA,ATCAGGAGCATGCTCGGCGAGACGAGGCTGTGCGACGCGCTCACCGACGTCGTCATCCCCACCTTCGACGTCAAGCTTCTCCAGCCCATCATCTTCTCCA,TAPLA12_Samp22_A,TAPLA12_A,1,0,0,1,0.02656042496679947,3N+2
ATCAGGAGCATGCTCGGCGAGACGAGGCTGCGCGACGCGCTCACCGACGTCGTCATCCCCACCTTCGACGTCAAGCTTCTCCAGCCCATCATCTTCTCCA,ATCAGGAGCATGCTCGGCGAGACGAGGCTGTGCGACGCGCTCACCGACGTCGTCATCCCCACCTTCGACGTCAAGCTTCTCCAGCCCATCATCTTCTCCA,TAPLA12_Samp22_A,TAPLA12_A,0,0,1,1,0.02656042496679947,SNP
ATCAGGAGCATGCTCGGCGAGACGAGGCTGTGCGACGCGCTCACCGACGTCGTCATCCCCACCTTCGACGTCAAGCTTCTCCAGCCCATCATCTTCCCCA,ATCAGGAGCATGCTCGGCGAGACGAGGCTGTGCGACGCGCTCACCGACGTCGTCATCCCCACCTTCGACGTCAAGCTTCTCCAGCCCATCATCTTCTCCA,TAPLA12_Samp22_A,TAPLA12_A,0,0,1,1,0.02656042496679947,SNP
ATCAGGAGCATGCTCGGCGAGACGAGGCTGTGCGACGCGCTCACCGACGTCGTCATCCCCACCTTCGACGTCAAGCTTCTCAAGCCCATCATCTTCTCCA,ATCAGGAGCATGCTCGGCGAGACGAGGCTGTGCGACGCGCTCACCGACGTCGTCATCCCCACCTTCGACGTCAAGCTTCTCCAGCCCATCATCTTCTCCA,TAPLA12_Samp22_A,TAPLA12_A,0,0,1,1,0.02656042496679947,SNP
ATCAGGAGCATGCTCGGCGAGACGAGGCTGTGCTACGCGCTCACCGACGTCGTCATCCCCACCTTCGACGTCAAGCTTCTCCAGCCCATCATCTTCTCCA,ATCAGGAGCATGCTCGGCGAGACGAGGCTGTGCGACGCGCTCACCGACGTCGTCATCCCCACCTTCGACGTCAAGCTTCTCCAGCCCATCATCTTCTCCA,TAPLA12_Samp22_A,TAPLA12_A,0,0,1,1,0.02656042496679947,SNP
ATCAGGAGCATGCTCGGCGAGACGAGGCTGGGCGACGCGCTCACCGACGTCGTCATCCCCACCTTCGACGTCAAGCTTCTCCAGCCCATCATCTTCTCCA,ATCAGGAGCATGCTCGGCGAGACGAGGCTGTGCGACGCGCTCACCGACGTCGTCATCCCCACCTTCGACGTCAAGCTTCTCCAGCCCATCATCTTCTCCA,TAPLA12_Samp22_A,TAPLA12_A,0,0,1,1,0.02656042496679947,SNP
ATCAGGAGCATGCTCGGCGAGACGAGGCTGTGCGACGCGCTCACCGACGTCGTCATCCCCACCTTCGACGCCAAGCTTCTCCGGCCCATCATCTTCTCCA,ATCAGGAGCATGCTCGGCGAGACGAGGCTGTGCGACGCGCTCACCGACGTCGTCATCCCCACCTTCGACGTCAAGCTTCTCCAGCCCATCATCTTCTCCA,TAPLA12_Samp22_A,TAPLA12_A,0,0,2,1,0.02656042496679947,SNP
ATCAGGAGCATGCTCGGCGAGACGAGGCTGTGCGACGCGCTCACCGACGTCGTCATTCCCACCTTCGACGTCAAGCTTCTCCAGCCCATCATCTTCTCCA,ATCAGGAGCATGCTCGGCGAGACGAGGCTGTGCGACGCGCTCACCGACGTCGTCATCCCCACCTTCGACGTCAAGCTTCTCCAGCCCATCATCTTCTCCA,TAPLA12_Samp22_A,TAPLA12_A,0,0,1,1,0.02656042496679947,SNP
ATGAGGAGCATGCTCGGCGAGACGAGGCTGTGCGACGCGCTCACCGACGTCGTCATCCCCACCTTCGACGTCAAGCTTCACCAGCCCATCATCTTCTCCA,ATCAGGAGCATGCTCGGCGAGACGAGGCTGTGCGACGCGCTCACCGACGTCGTCATCCCCACCTTCGACGTCAAGCTTCTCCAGCCCATCATCTTCTCCA,TAPLA12_Samp22_A,TAPLA12_A,0,0,2,1,0.02656042496679947,SNP
ATCAGGAGCATGCTCGGCGAGATGAGGCTGTGCGACGCGCTCACCGACGTCGTCATCCCCACCTTCGACGTCAAGCTTCTCCAGCCCATCATCTTCTCCA,ATCAGGAGCATGCTCGGCGAGACGAGGCTGTGCGACGCGCTCACCGACGTCGTCATCCCCACCTTCGACGTCAAGCTTCTCCAGCCCATCATCTTCTCCA,TAPLA12_Samp22_A,TAPLA12_A,0,0,1,1,0.02656042496679947,SNP
ATCAGGAGCATGGTCGGCGAGACGAGGCTGTGCGACGCGCTCACCGACGTCGTCATCCCCACCTTCGACGTCAAGCTTCTCCAGCCCATCATCTTCTCCA,ATCAGGAGCATGCTCGGCGAGACGAGGCTGTGCGACGCGCTCACCGACGTCGTCATCCCCACCTTCGACGTCAAGCTTCTCCAGCCCATCATCTTCTCCA,TAPLA12_Samp22_A,TAPLA12_A,0,0,1,1,0.02656042496679947,SNP
ATCAGGAGCATGCTCGGCGAGACGAGGTTGTGCGACGCGCTCACCGACGTCATCATCCCCACCTTCGACGTCAAGCTTCTCCAGCCCATCATCTTCTCCA,ATCAGGAGCATGCTCGGCGAGACGAGGCTGTGCGACGCGCTCACCGACGTCGTCATCCCCACCTTCGACGTCAAGCTTCTCCAGCCCATCATCTTCTCCA,TAPLA12_Samp22_A,TAPLA12_A,0,0,2,1,0.02656042496679947,SNP
ATCAGGAGCATGCTCGGCGAGACGAGGCTGTGCGACGCGCTCACCGACGTCGTCATCCCCACCTTGGACGTCAAGCTTCTCCAGCCCATCATCTTCTCCA,ATCAGGAGCATGCTCGGCGAGACGAGGCTGTGCGACGCGCTCACCGACGTCGTCATCCCCACCTTCGACGTCAAGCTTCTCCAGCCCATCATCTTCTCCA,TAPLA12_Samp22_A,TAPLA12_A,0,0,1,1,0.02656042496679947,SNP
ATCAGGAGCATGCTCGGCGAGACGAGGCTGTGCGACGCGCTCACCGACGTCGTCATCCCCACCCTCGACGTCAAGCTTCTCCAGCCCATCATCTTCTCCA,ATCAGGAGCATGCTCGGCGAGACGAGGCTGTGCGACGCGCTCACCGACGTCGTCATCCCCACCTTCGACGTCAAGCTTCTCCAGCCCATCATCTTCTCCA,TAPLA12_Samp22_A,TAPLA12_A,0,0,1,1,0.02656042496679947,SNP
ATCGGGAGCATGCTCGGCGAGACGAGGCTGTGCGACGCGCTCACTGACGTCGTCATCCCCACCTTCGACGTCAAGCTTCTCCAGCCCATCATCTTCTCCA,ATCAGGAGCATGCTCGGCGAGACGAGGCTGTGCGACGCGCTCACCGACGTCGTCATCCCCACCTTCGACGTCAAGCTTCTCCAGCCCATCATCTTCTCCA,TAPLA12_Samp22_A,TAPLA12_A,0,0,2,1,0.02656042496679947,SNP
ATCAGGAGCATGCTCGGCGAGACGAGGCTGTGCGACGCGCTCACCGACGTCTTCATCCCCACCTTCGACGTCAAGCTTCTCCAGCCCATCATCTTCTCCA,ATCAGGAGCATGCTCGGCGAGACGAGGCTGTGCGACGCGCTCACCGACGTCGTCATCCCCACCTTCGACGTCAAGCTTCTCCAGCCCATCATCTTCTCCA,TAPLA12_Samp22_A,TAPLA12_A,0,0,1,1,0.02656042496679947,SNP
ATCAGGAGCATGCTCGGCGAGACGAGGCTGTGCGACGCGCTCACCGACGTCGTCACCCCCACCTTCGACGTCAAGCTTCTCCAGCCCATCATCTTCTCCA,ATCAGGAGCATGCTCGGCGAGACGAGGCTGTGCGACGCGCTCACCGACGTCGTCATCCCCACCTTCGACGTCAAGCTTCTCCAGCCCATCATCTTCTCCA,TAPLA12_Samp22_A,TAPLA12_A,0,0,1,1,0.02656042496679947,SNP
ATCAGGAGCATGCTCGGCGAGACAAGGCTGTGCGACGCGCTCACCGACGTCGTCATCCCCACCTTCGACGTCAAGCTTCTCCAGCCCATCATCTTCTCCA,ATCAGGAGCATGCTCGGCGAGACGAGGCTGTGCGACGCGCTCACCGACGTCGTCATCCCCACCTTCGACGTCAAGCTTCTCCAGCCCATCATCTTCTCCA,TAPLA12_Samp22_A,TAPLA12_A,0,0,1,1,0.02656042496679947,SNP
ATCAGGAGCATACTCGGCGAGACGAGGCTGTGCGACGCGCTCACCGACGTCGTCATCCCCACCTTCGACGTCAAGCTTCTCCAGCCCATCATCTTCTCCA,ATCAGGAGCATGCTCGGCGAGACGAGGCTGTGCGACGCGCTCACCGACGTCGTCATCCCCACCTTCGACGTCAAGCTTCTCCAGCCCATCATCTTCTCCA,TAPLA12_Samp22_A,TAPLA12_A,0,0,1,1,0.02656042496679947,SNP
ATCAGGAGCATGCTCGGCGAGACGAAGCTGTGCGACGCGCTCACCGACGTCGTCATCCCCACCTTCGACGTCAAGCTTCTCCAGCCCATCATCTTCTCCA,ATCAGGAGCATGCTCGGCGAGACGAGGCTGTGCGACGCGCTCACCGACGTCGTCATCCCCACCTTCGACGTCAAGCTTCTCCAGCCCATCATCTTCTCCA,TAPLA12_Samp22_A,TAPLA12_A,0,0,1,1,0.02656042496679947,SNP
ATCAGGAGCATGCTCGGCGAGACGAGGCTGTGCGACGCGCTCACCGACGTCGTCATCCCCACCTTCGACGTCAAGCTTCTCCCGCCCATCATCTTCTCCA,ATCAGGAGCATGCTCGGCGAGACGAGGCTGTGCGACGCGCTCACCGACGTCGTCATCCCCACCTTCGACGTCAAGCTTCTCCAGCCCATCATCTTCTCCA,TAPLA12_Samp22_A,TAPLA12_A,0,0,1,1,0.02656042496679947,SNP
ATCAGGAGCATGCTCGGCGAGACGAGGCTGTCCGACGCGCTCACCGACGTGGTCATCCCCACCTTCGACGTCAAGCTTCTCCAGCCCCTCATCTTCTCCA,ATCAGGAGCATGCTCGGCGAGACGAGGCTGTGCGACGCGCTCACCGACGTCGTCATCCCCACCTTCGACGTCAAGCTTCTCCAGCCCATCATCTTCTCCA,TAPLA12_Samp22_A,TAPLA12_A,0,0,3,1,0.02656042496679947,SNP
ATCAGGAGCATGCTCGGCGAGACGAGGCTGTGCGACGCGCTCACCGACGTCATCATCCCCACCTTCGACGTCAAGCTTCTCCAGCCCATCATCTGCTCCA,ATCAGGAGCATGCTCGGCGAGACGAGGCTGTGCGACGCGCTCACCGACGTCGTCATCCCCACCTTCGACGTCAAGCTTCTCCAGCCCATCATCTTCTCCA,TAPLA12_Samp22_A,TAPLA12_A,0,0,2,1,0.02656042496679947,SNP
ATCAGGAGCATGCTCGGCGAGACGAGGCTGTGCGACGCGCTCACCGACGTCGTCATCCCCCCCTTCGACGTCAAGCTTCTCCAGCCCATCATCTTCTCCA,ATCAGGAGCATGCTCGGCGAGACGAGGCTGTGCGACGCGCTCACCGACGTCGTCATCCCCACCTTCGACGTCAAGCTTCTCCAGCCCATCATCTTCTCCA,TAPLA12_Samp22_A,TAPLA12_A,0,0,1,1,0.02656042496679947,SNP
ATCAGGAGCATGCTCGGCGAGACGAGGCTGTGCGATGCGCTCACCGACGTCGTCATCCCCACCTTCGACGTCAAGCTTCTCCAGCCCATCATCTTCTCCA,ATCAGGAGCATGCTCGGCGAGACGAGGCTGTGCGACGCGCTCACCGACGTCGTCATCCCCACCTTCGACGTCAAGCTTCTCCAGCCCATCATCTTCTCCA,TAPLA12_Samp22_A,TAPLA12_A,0,0,1,1,0.02656042496679947,SNP
ATCAGGAGCATGCTCGGCGAGACGAGGCTGTGCGACGCGCCCACCGACGTCGTCATCCCCACCTTCGACGTCAAGCTTCTCCAGCCCATCATCTTCTCCA,ATCAGGAGCATGCTCGGCGAGACGAGGCTGTGCGACGCGCTCACCGACGTCGTCATCCCCACCTTCGACGTCAAGCTTCTCCAGCCCATCATCTTCTCCA,TAPLA12_Samp22_A,TAPLA12_A,0,0,1,1,0.02656042496679947,SNP
ATCAGGAGCATGCTCGGCGAGACGAGGCTGTGCGACGCGCTCACCGACGTCGTCATCACCACCTTCGACGTCAAGCTTCTCCAGCCCATCATCTTCTCCA,ATCAGGAGCATGCTCGGCGAGACGAGGCTGTGCGACGCGCTCACCGACGTCGTCATCCCCACCTTCGACGTCAAGCTTCTCCAGCCCATCATCTTCTCCA,TAPLA12_Samp22_A,TAPLA12_A,0,0,1,1,0.02656042496679947,SNP
ATCAGGAGCATGCTCGGCGAGACGAGGCTGTGCGACGCGCTCACCGACGTCGTCATCCCCACCTTCGACGTCAAGCTTCTCCAGCCCAGCATCTTCTCCA,ATCAGGAGCATGCTCGGCGAGACGAGGCTGTGCGACGCGCTCACCGACGTCGTCATCCCCACCTTCGACGTCAAGCTTCTCCAGCCCATCATCTTCTCCA,TAPLA12_Samp22_A,TAPLA12_A,0,0,1,1,0.02656042496679947,SNP
ATCAGGAGCATGCTCGGCGAGACGAGGCTGTGCGACGCGCTCACCGACGTCGTCATCCCCACCTTCGACGTCAAGCTTCTCCAGCCCATCATCTTCTCCA,ATCAGGAGCATGCTCGGCGAGACGAGGCTGTGCGACGCGCTCACCGACGTCGTCATCCCCACCTTCGACGTCAAGCTTCTCCAGCCCATCATCTTCTCCA,TAPLA12_Samp22_B,TAPLA12_B,0,0,0,6417,90.5844155844156,WT
ATCAGGAGCATGCTCGGCGAGACGAGGCTGTCCGACGCGCTCACCGACGTGGTCATCCCCACCTTCGACGTCAAGCTTCTCCAGCCCATCATCTTCTCCA,ATCAGGAGCATGCTCGGCGAGACGAGGCTGTGCGACGCGCTCACCGACGTCGTCATCCCCACCTTCGACGTCAAGCTTCTCCAGCCCATCATCTTCTCCA,TAPLA12_Samp22_B,TAPLA12_B,0,0,2,229,3.2326369282891023,SNP
ATCAGGAGCATGCTCGGCGAGACGAGGCTGTGCGACGCGCTCACCGACGTGGTCATCCCCACCTTCGACGTCAAGCTTCTCCAGCCCATCATCTTCTCCA,ATCAGGAGCATGCTCGGCGAGACGAGGCTGTGCGACGCGCTCACCGACGTCGTCATCCCCACCTTCGACGTCAAGCTTCTCCAGCCCATCATCTTCTCCA,TAPLA12_Samp22_B,TAPLA12_B,0,0,1,159,2.2444946357989837,SNP
ATCAGGAGCATGCTCGGCGAGACGAGGCTGTCCGACGCGCTCACCGACGTCGTCATCCCCACCTTCGACGTCAAGCTTCTCCAGCCCATCATCTTCTCCA,ATCAGGAGCATGCTCGGCGAGACGAGGCTGTGCGACGCGCTCACCGACGTCGTCATCCCCACCTTCGACGTCAAGCTTCTCCAGCCCATCATCTTCTCCA,TAPLA12_Samp22_B,TAPLA12_B,0,0,1,55,0.7763975155279503,SNP
ATCAGGAGCATGCTCGGCGAGACGAGGCTGTGCGACGCACTCACCGACGTCGTCATCCCCACCTTCGACGTCAAGCTTCTCCAGCCCATCATCTTCTCCA,ATCAGGAGCATGCTCGGCGAGACGAGGCTGTGCGACGCGCTCACCGACGTCGTCATCCCCACCTTCGACGTCAAGCTTCTCCAGCCCATCATCTTCTCCA,TAPLA12_Samp22_B,TAPLA12_B,0,0,1,14,0.1976284584980237,SNP
ATCAGGAGCATGCTCGGCGAGACGAGGCTGTGTGACGCGCTCACCGACGTCGTCATCCCCACCTTCGACGTCAAGCTTCTCCAGCCCATCATCTTCTCCA,ATCAGGAGCATGCTCGGCGAGACGAGGCTGTGCGACGCGCTCACCGACGTCGTCATCCCCACCTTCGACGTCAAGCTTCTCCAGCCCATCATCTTCTCCA,TAPLA12_Samp22_B,TAPLA12_B,0,0,1,7,0.09881422924901186,SNP
ATCAGGAGCATGCTCGGCGAGACGAGTCTGTGCGACGCGCTCACCGACGTCGTCATCCCCACCTTCGACGTCAAGCTTCTCCAGCCCATCATCTTCTCCA,ATCAGGAGCATGCTCGGCGAGACGAGGCTGTGCGACGCGCTCACCGACGTCGTCATCCCCACCTTCGACGTCAAGCTTCTCCAGCCCATCATCTTCTCCA,TAPLA12_Samp22_B,TAPLA12_B,0,0,1,6,0.08469791078486731,SNP
ATCAGGAGCATGCTCGACGAGACGAGGCTGTGCGACGCGCTCACCGACGTCGTCATCCCCACCTTCGACGTCAAGCTTCTCCAGCCCATCATCTTCTCCA,ATCAGGAGCATGCTCGGCGAGACGAGGCTGTGCGACGCGCTCACCGACGTCGTCATCCCCACCTTCGACGTCAAGCTTCTCCAGCCCATCATCTTCTCCA,TAPLA12_Samp22_B,TAPLA12_B,0,0,1,5,0.07058159232072275,SNP
ATCAGGAGCATGCTCGGCGAGACGAGGCTGTGCGACGCGCTCACCGACGTCGTCATCCCCACCTTCGACGTCAAGCTTCTCCAACCCATCATCTTCTCCA,ATCAGGAGCATGCTCGGCGAGACGAGGCTGTGCGACGCGCTCACCGACGTCGTCATCCCCACCTTCGACGTCAAGCTTCTCCAGCCCATCATCTTCTCCA,TAPLA12_Samp22_B,TAPLA12_B,0,0,1,5,0.07058159232072275,SNP
ATCAGGAGCATGCTCGGCGAGACGAGGCTGTGCGACGCGCTCACCGACGCCGTCATCCCCACCTTCGACGTCAAGCTTCTCCAGCCCATCATCTTCTCCA,ATCAGGAGCATGCTCGGCGAGACGAGGCTGTGCGACGCGCTCACCGACGTCGTCATCCCCACCTTCGACGTCAAGCTTCTCCAGCCCATCATCTTCTCCA,TAPLA12_Samp22_B,TAPLA12_B,0,0,1,4,0.0564652738565782,SNP
ATCAGGAGCATGCTCGGCGAGACGAGGCTGTGCGACGCGCTCACCGACGTCGTCATCCCCACCTTCGACGCCAAGCTTCTCCAGCCCATCATCTTCTCCA,ATCAGGAGCATGCTCGGCGAGACGAGGCTGTGCGACGCGCTCACCGACGTCGTCATCCCCACCTTCGACGTCAAGCTTCTCCAGCCCATCATCTTCTCCA,TAPLA12_Samp22_B,TAPLA12_B,0,0,1,4,0.0564652738565782,SNP
ATCAGGAGCATGCTCGGCGAGACGAGGCTGTGCGACGCGCTCACCGACGTCGTCATCCCCACCTTCGACGTCAGGCTTCTCCAGCCCATCATCTTCTCCA,ATCAGGAGCATGCTCGGCGAGACGAGGCTGTGCGACGCGCTCACCGACGTCGTCATCCCCACCTTCGACGTCAAGCTTCTCCAGCCCATCATCTTCTCCA,TAPLA12_Samp22_B,TAPLA12_B,0,0,1,4,0.0564652738565782,SNP
ATCAGGAGCATGCTCGGCGAGACGAGGCTGTGCGACGCGCTCACCGACGTCGTCATCCCCACCTTTGACGTCAAGCTTCTCCAGCCCATCATCTTCTCCA,ATCAGGAGCATGCTCGGCGAGACGAGGCTGTGCGACGCGCTCACCGACGTCGTCATCCCCACCTTCGACGTCAAGCTTCTCCAGCCCATCATCTTCTCCA,TAPLA12_Samp22_B,TAPLA12_B,0,0,1,4,0.0564652738565782,SNP
ATCAGGAGCATGCTCGGCGAGACGAGGCTGTGCGACGCGCTCACCGACATCGTCATCCCCACCTTCGACGTCAAGCTTCTCCAGCCCATCATCTTCTCCA,ATCAGGAGCATGCTCGGCGAGACGAGGCTGTGCGACGCGCTCACCGACGTCGTCATCCCCACCTTCGACGTCAAGCTTCTCCAGCCCATCATCTTCTCCA,TAPLA12_Samp22_B,TAPLA12_B,0,0,1,3,0.042348955392433656,SNP
ATCAGGAGCATGCTCGGCGAGACGAGGCTGTGCGACGCGCTCACCGACGTCGTCATCCCCACCTTCGACGTCAAGCTTCTCCAGTCCATCATCTTCTCCA,ATCAGGAGCATGCTCGGCGAGACGAGGCTGTGCGACGCGCTCACCGACGTCGTCATCCCCACCTTCGACGTCAAGCTTCTCCAGCCCATCATCTTCTCCA,TAPLA12_Samp22_B,TAPLA12_B,0,0,1,3,0.042348955392433656,SNP
ATCAGGAGCATGTTCGGCGAGACGAGGCTGTGCGACGCGCTCACCGACGTCGTCATCCCCACCTTCGACGTCAAGCTTCTCCAGCCCATCATCTTCTCCA,ATCAGGAGCATGCTCGGCGAGACGAGGCTGTGCGACGCGCTCACCGACGTCGTCATCCCCACCTTCGACGTCAAGCTTCTCCAGCCCATCATCTTCTCCA,TAPLA12_Samp22_B,TAPLA12_B,0,0,1,3,0.042348955392433656,SNP
ATCAGGAGCATGCTCGGCGAGACGGGGCTGTGCGACGCGCTCACCGACGTCGTCATCCCCACCTTCGACGTCAAGCTTCTCCAGCCCATCATCTTCTCCA,ATCAGGAGCATGCTCGGCGAGACGAGGCTGTGCGACGCGCTCACCGACGTCGTCATCCCCACCTTCGACGTCAAGCTTCTCCAGCCCATCATCTTCTCCA,TAPLA12_Samp22_B,TAPLA12_B,0,0,1,3,0.042348955392433656,SNP
ATCAGGAGCATGCTCGGCGAGACGAGGCTGTGCGACGCGCTCACCGACGTCATCATCCCCACCTTCGACGTCAAGCTTCTCCAGCCCATCATCTTCTCCA,ATCAGGAGCATGCTCGGCGAGACGAGGCTGTGCGACGCGCTCACCGACGTCGTCATCCCCACCTTCGACGTCAAGCTTCTCCAGCCCATCATCTTCTCCA,TAPLA12_Samp22_B,TAPLA12_B,0,0,1,3,0.042348955392433656,SNP
ATCAGGAGCATGCTCGGCGAGACGAGGCTGTGCGACGTGCTCACCGACGTCGTCATCCCCACCTTCGACGTCAAGCTTCTCCAGCCCATCATCTTCTCCA,ATCAGGAGCATGCTCGGCGAGACGAGGCTGTGCGACGCGCTCACCGACGTCGTCATCCCCACCTTCGACGTCAAGCTTCTCCAGCCCATCATCTTCTCCA,TAPLA12_Samp22_B,TAPLA12_B,0,0,1,3,0.042348955392433656,SNP
ATCCGGAGCATGCTCGGCGAGACGAGGCTGTGCGACGCGCTCACCGACGTCGTCATCCCCACCTTCGACGTCAAGCTTCTCCAGCCCATCATCTTCTCCA,ATCAGGAGCATGCTCGGCGAGACGAGGCTGTGCGACGCGCTCACCGACGTCGTCATCCCCACCTTCGACGTCAAGCTTCTCCAGCCCATCATCTTCTCCA,TAPLA12_Samp22_B,TAPLA12_B,0,0,1,3,0.042348955392433656,SNP
ATCAGGAGCATGCTCGGCGAGACGAGGCTGTACGACGCGCTCACCGACGTCGTCATCCCCACCTTCGACGTCAAGCTTCTCCAGCCCATCATCTTCTCCA,ATCAGGAGCATGCTCGGCGAGACGAGGCTGTGCGACGCGCTCACCGACGTCGTCATCCCCACCTTCGACGTCAAGCTTCTCCAGCCCATCATCTTCTCCA,TAPLA12_Samp22_B,TAPLA12_B,0,0,1,3,0.042348955392433656,SNP
ATCAGGAGCATACTCGGCGAGACGAGGCTGTGCGACGCGCTCACCGACGTCGTCATCCCCACCTTCGACGTCAAGCTTCTCCAGCCCATCATCTTCTCCA,ATCAGGAGCATGCTCGGCGAGACGAGGCTGTGCGACGCGCTCACCGACGTCGTCATCCCCACCTTCGACGTCAAGCTTCTCCAGCCCATCATCTTCTCCA,TAPLA12_Samp22_B,TAPLA12_B,0,0,1,3,0.042348955392433656,SNP
ATCAGGAGCATGCTCGGCGAGACGAGGCTGTGCGACGCGCTCACCGACGTCGTCATCCC-ACCTTCGACGTCAAGCTTCTCCAGCCCATCATCTTCTCCA,ATCAGGAGCATGCTCGGCGAGACGAGGCTGTGCGACGCGCTCACCGACGTCGTCATCCCCACCTTCGACGTCAAGCTTCTCCAGCCCATCATCTTCTCCA,TAPLA12_Samp22_B,TAPLA12_B,1,0,0,3,0.042348955392433656,3N+2
ATCAGGAGCATGCTCGGCGAGACGAGGCTGTGCGACGCGCTCACCGAGGTCGTCATCCCCACCTTCGACGTCAAGCTTCTCCAGCCCATCATCTTCTCCA,ATCAGGAGCATGCTCGGCGAGACGAGGCTGTGCGACGCGCTCACCGACGTCGTCATCCCCACCTTCGACGTCAAGCTTCTCCAGCCCATCATCTTCTCCA,TAPLA12_Samp22_B,TAPLA12_B,0,0,1,3,0.042348955392433656,SNP
ATCAGGAGCATGCTCGGCGAGACGAGGCTGTCCGACGCACTCACCGACGTGGTCATCCCCACCTTCGACGTCAAGCTTCTCCAGCCCATCATCTTCTCCA,ATCAGGAGCATGCTCGGCGAGACGAGGCTGTGCGACGCGCTCACCGACGTCGTCATCCCCACCTTCGACGTCAAGCTTCTCCAGCCCATCATCTTCTCCA,TAPLA12_Samp22_B,TAPLA12_B,0,0,3,2,0.0282326369282891,SNP
ATCAGGAGCATGCTCGGCGAGACGAGGCTGTGCGACGCGCTCACCGACGTCGTCATCCCCACCTCCGACGTCAAGCTTCTCCAGCCCATCATCTTCTCCA,ATCAGGAGCATGCTCGGCGAGACGAGGCTGTGCGACGCGCTCACCGACGTCGTCATCCCCACCTTCGACGTCAAGCTTCTCCAGCCCATCATCTTCTCCA,TAPLA12_Samp22_B,TAPLA12_B,0,0,1,2,0.0282326369282891,SNP
ATCAGGAGCATGCTCGGCGAGACGAGGCTGTGCGACGCGCTCGCCGACGTCGTCATCCCCACCTTCGACGTCAAGCTTCTCCAGCCCATCATCTTCTCCA,ATCAGGAGCATGCTCGGCGAGACGAGGCTGTGCGACGCGCTCACCGACGTCGTCATCCCCACCTTCGACGTCAAGCTTCTCCAGCCCATCATCTTCTCCA,TAPLA12_Samp22_B,TAPLA12_B,0,0,1,2,0.0282326369282891,SNP
ATCAGGAGCATGCTCGGCGAGACGAGGCTGTGCGACGCGCTCACCGACGTCGTCATCCCCACCTTCGACGTCAAGCTTCTCTAGCCCATCATCTTCTCCA,ATCAGGAGCATGCTCGGCGAGACGAGGCTGTGCGACGCGCTCACCGACGTCGTCATCCCCACCTTCGACGTCAAGCTTCTCCAGCCCATCATCTTCTCCA,TAPLA12_Samp22_B,TAPLA12_B,0,0,1,2,0.0282326369282891,SNP_STOP
ATCGGGAGCATGCTCGGCGAGACGAGGCTGTGCGACGCGCTCACCGACGTCGTCATCCCCACCTTCGACGTCAAGCTTCTCCAGCCCATCATCTTCTCCA,ATCAGGAGCATGCTCGGCGAGACGAGGCTGTGCGACGCGCTCACCGACGTCGTCATCCCCACCTTCGACGTCAAGCTTCTCCAGCCCATCATCTTCTCCA,TAPLA12_Samp22_B,TAPLA12_B,0,0,1,2,0.0282326369282891,SNP
ATCAGGAGCATGCTCGGCGAGACGAGGCTGTCCGACGCGCTCACCGACGTGGTCAT-CCCACCTTCGACGTCAAGCTTCTCCAGCCCATCATCTTCTCCA,ATCAGGAGCATGCTCGGCGAGACGAGGCTGTGCGACGCGCTCACCGACGTCGTCATCCCCACCTTCGACGTCAAGCTTCTCCAGCCCATCATCTTCTCCA,TAPLA12_Samp22_B,TAPLA12_B,1,0,2,2,0.0282326369282891,3N+2
GTCAGGAGCATGCTCGGCGAGACGAGGCTGTGCGACGCGCTCACCGACGTCGTCATCCCCACCTTCGACGTCAAGCTTCTCCAGCCCATCATCTTCTCCA,ATCAGGAGCATGCTCGGCGAGACGAGGCTGTGCGACGCGCTCACCGACGTCGTCATCCCCACCTTCGACGTCAAGCTTCTCCAGCCCATCATCTTCTCCA,TAPLA12_Samp22_B,TAPLA12_B,0,0,1,2,0.0282326369282891,SNP
ATCAGGAGCATGCTCGGCGAGACAAGGCTGTGCGACGCGCTCACCGACGTCGTCATCCCCACCTTCGACGTCAAGCTTCTCCAGCCCATCATCTTCTCCA,ATCAGGAGCATGCTCGGCGAGACGAGGCTGTGCGACGCGCTCACCGACGTCGTCATCCCCACCTTCGACGTCAAGCTTCTCCAGCCCATCATCTTCTCCA,TAPLA12_Samp22_B,TAPLA12_B,0,0,1,2,0.0282326369282891,SNP
ATCAGGAGCATGCTCGGCGAGACGAGGCTCTGCGACGCGCTCACCGACGTCGTCATCCCCACCTTCGACGTCAAGCTTCTCCAGCCCATCATCTTCTCCA,ATCAGGAGCATGCTCGGCGAGACGAGGCTGTGCGACGCGCTCACCGACGTCGTCATCCCCACCTTCGACGTCAAGCTTCTCCAGCCCATCATCTTCTCCA,TAPLA12_Samp22_B,TAPLA12_B,0,0,1,2,0.0282326369282891,SNP
ATCAGGAGCATGCTCGGCGAGACGAGGCTGTGCGACGCGCTCACCGACGTCGTCATCACCACCTTCGACGTCAAGCTTCTCCAGCCCATCATCTTCTCCA,ATCAGGAGCATGCTCGGCGAGACGAGGCTGTGCGACGCGCTCACCGACGTCGTCATCCCCACCTTCGACGTCAAGCTTCTCCAGCCCATCATCTTCTCCA,TAPLA12_Samp22_B,TAPLA12_B,0,0,1,2,0.0282326369282891,SNP
ATCAGGAGCATGCTCGGCGAGACGAGGCTGTGCAACGCGCTCACCGACGTCGTCATCCCCACCTTCGACGTCAAGCTTCTCCAGCCCATCATCTTCTCCA,ATCAGGAGCATGCTCGGCGAGACGAGGCTGTGCGACGCGCTCACCGACGTCGTCATCCCCACCTTCGACGTCAAGCTTCTCCAGCCCATCATCTTCTCCA,TAPLA12_Samp22_B,TAPLA12_B,0,0,1,2,0.0282326369282891,SNP
ATCAGGAGCATGCTCGGCGAGACGAGGCTGTGCTACGCGCTCACCGACGTCGTCATCCCCACCTTCGACGTCAAGCTTCTCCAGCCCATCATCTTCTCCA,ATCAGGAGCATGCTCGGCGAGACGAGGCTGTGCGACGCGCTCACCGACGTCGTCATCCCCACCTTCGACGTCAAGCTTCTCCAGCCCATCATCTTCTCCA,TAPLA12_Samp22_B,TAPLA12_B,0,0,1,2,0.0282326369282891,SNP
ATCAGGAGCATGCTCGGCGAGACGAGGCTGTGCGACGCGCTCACCGACGTCGTCATCCCCACCTTCGACGTCAAGCATCTCCAGCCCATCATCTTCTCCA,ATCAGGAGCATGCTCGGCGAGACGAGGCTGTGCGACGCGCTCACCGACGTCGTCATCCCCACCTTCGACGTCAAGCTTCTCCAGCCCATCATCTTCTCCA,TAPLA12_Samp22_B,TAPLA12_B,0,0,1,2,0.0282326369282891,SNP
ATCAGGAGCATGCTCGGCGAGACGAGGCTGTGCGACGCGCTCACCGACGTCGTCATCCCCACCTTCGATGTCAAGCTTCTCCAGCCCATCATCTTCTCCA,ATCAGGAGCATGCTCGGCGAGACGAGGCTGTGCGACGCGCTCACCGACGTCGTCATCCCCACCTTCGACGTCAAGCTTCTCCAGCCCATCATCTTCTCCA,TAPLA12_Samp22_B,TAPLA12_B,0,0,1,2,0.0282326369282891,SNP
ATCAGGAGCATGCTCGGCGAGACGAGGCTGTGCGACGCGCGCACCGACGTCGTCATCCCCACCTTCGACGTCAAGCTTCTCCAGCCCATCATCTTCTCCA,ATCAGGAGCATGCTCGGCGAGACGAGGCTGTGCGACGCGCTCACCGACGTCGTCATCCCCACCTTCGACGTCAAGCTTCTCCAGCCCATCATCTTCTCCA,TAPLA12_Samp22_B,TAPLA12_B,0,0,1,2,0.0282326369282891,SNP
ATCAGGAGCATGCTCGGCGAGACGAGACTGTGCGACGCGCTCACCGACGTCGTCATCCCCACCTTCGACGTCAAGCTTCTCCAGCCCATCATCTTCTCCA,ATCAGGAGCATGCTCGGCGAGACGAGGCTGTGCGACGCGCTCACCGACGTCGTCATCCCCACCTTCGACGTCAAGCTTCTCCAGCCCATCATCTTCTCCA,TAPLA12_Samp22_B,TAPLA12_B,0,0,1,2,0.0282326369282891,SNP
ATCAGGAGCATGCTCGACGAGACGAGGCTGTGCGACGCGCTCACCGACGTGGTCATCCCCACCTTCGACGTCAAGCTTCTCCAGCCCATCATCTTCTCCA,ATCAGGAGCATGCTCGGCGAGACGAGGCTGTGCGACGCGCTCACCGACGTCGTCATCCCCACCTTCGACGTCAAGCTTCTCCAGCCCATCATCTTCTCCA,TAPLA12_Samp22_B,TAPLA12_B,0,0,2,2,0.0282326369282891,SNP
ATCAGGAGCATGCTCGGCGAGGCGAGGCTGTGCGACGCGCTCACCGACGTCGTCATCCCCACCTTCGACGTCAAGCTTCTCCAGCCCATCATCTTCTCCA,ATCAGGAGCATGCTCGGCGAGACGAGGCTGTGCGACGCGCTCACCGACGTCGTCATCCCCACCTTCGACGTCAAGCTTCTCCAGCCCATCATCTTCTCCA,TAPLA12_Samp22_B,TAPLA12_B,0,0,1,2,0.0282326369282891,SNP
ATCAGGAGCATGCTCGGCGAGACGAGGCTGTGCGACGCGCTCACCGACGTCGTCATCCACACCTTCGACGTCAAGCTTCTCCAGCCCATCATCTTCTCCA,ATCAGGAGCATGCTCGGCGAGACGAGGCTGTGCGACGCGCTCACCGACGTCGTCATCCCCACCTTCGACGTCAAGCTTCTCCAGCCCATCATCTTCTCCA,TAPLA12_Samp22_B,TAPLA12_B,0,0,1,2,0.0282326369282891,SNP
ATCAGGAGCATGCTCGGCGAGACGAGGCTGTGCGACACGCTCACCGACGTCGTCATCCCCACCTTCGACGTCAAGCTTCTCCAGCCCATCATCTTCTCCA,ATCAGGAGCATGCTCGGCGAGACGAGGCTGTGCGACGCGCTCACCGACGTCGTCATCCCCACCTTCGACGTCAAGCTTCTCCAGCCCATCATCTTCTCCA,TAPLA12_Samp22_B,TAPLA12_B,0,0,1,2,0.0282326369282891,SNP
ATCAGGAGCATGCTCGGCGAGACGAGGCTGTGCGACGCGCTCACCGGCGTCGTCATCCCCACCTTCGACGTCAAGCTTCTCCAGCCCATCATCTTCTCCA,ATCAGGAGCATGCTCGGCGAGACGAGGCTGTGCGACGCGCTCACCGACGTCGTCATCCCCACCTTCGACGTCAAGCTTCTCCAGCCCATCATCTTCTCCA,TAPLA12_Samp22_B,TAPLA12_B,0,0,1,2,0.0282326369282891,SNP
ATCAGGAACATGCTCGGCGAGACGAGGCTGTGCGACGCGCTCACCGACGTCGTCATCCCCACCTTCGACGTCAAGCTTCTCCAGCCCATCATCTTCTCCA,ATCAGGAGCATGCTCGGCGAGACGAGGCTGTGCGACGCGCTCACCGACGTCGTCATCCCCACCTTCGACGTCAAGCTTCTCCAGCCCATCATCTTCTCCA,TAPLA12_Samp22_B,TAPLA12_B,0,0,1,2,0.0282326369282891,SNP
ATCAGGAGCATGCTCGGCGAGACGAGGCTGTGCGACGCGCTCACCGATGTCGTCATCCCCACCTTCGACGTCAAGCTTCTCCAGCCCATCATCTTCTCCA,ATCAGGAGCATGCTCGGCGAGACGAGGCTGTGCGACGCGCTCACCGACGTCGTCATCCCCACCTTCGACGTCAAGCTTCTCCAGCCCATCATCTTCTCCA,TAPLA12_Samp22_B,TAPLA12_B,0,0,1,2,0.0282326369282891,SNP
ATCAGGAGCATGCTCGGCGAGACGAGGCTGTCCGACGCGCTCACCGACGTGGTCATCCCCACCTTCGACGTCAAGCTTCTCCAGCCCATCAGCTTCTCCA,ATCAGGAGCATGCTCGGCGAGACGAGGCTGTGCGACGCGCTCACCGACGTCGTCATCCCCACCTTCGACGTCAAGCTTCTCCAGCCCATCATCTTCTCCA,TAPLA12_Samp22_B,TAPLA12_B,0,0,3,1,0.01411631846414455,SNP
ATCAGGAGCATGCTCGGCGAGACGAGGCTGTGCGACGCGCTCACCGTCGTCGTCATCCCCACCTTCGACGTCAAGCTTCTCCAGCCCATCATCTTCTCCA,ATCAGGAGCATGCTCGGCGAGACGAGGCTGTGCGACGCGCTCACCGACGTCGTCATCCCCACCTTCGACGTCAAGCTTCTCCAGCCCATCATCTTCTCCA,TAPLA12_Samp22_B,TAPLA12_B,0,0,1,1,0.01411631846414455,SNP
ATCAGGAGCATGCTCGGCGAGACGAGGCTGTGCGACGCGCTCACCGACGTCGTCATCCCCACCTTCGACATCAAGCTTCTCCAGCCCATCATCTTCTCCA,ATCAGGAGCATGCTCGGCGAGACGAGGCTGTGCGACGCGCTCACCGACGTCGTCATCCCCACCTTCGACGTCAAGCTTCTCCAGCCCATCATCTTCTCCA,TAPLA12_Samp22_B,TAPLA12_B,0,0,1,1,0.01411631846414455,SNP
ATCAGGAGCATGCTCGGCGAGACGAGGCTGTGCGACGCGCTCACCGACGTGGTCATCCCCACCTTCGACGTCAAGCTTCTCCAGCCCATCATCTTCTCCT,ATCAGGAGCATGCTCGGCGAGACGAGGCTGTGCGACGCGCTCACCGACGTCGTCATCCCCACCTTCGACGTCAAGCTTCTCCAGCCCATCATCTTCTCCA,TAPLA12_Samp22_B,TAPLA12_B,0,0,2,1,0.01411631846414455,SNP
ATCAGGAGAATGCTCGGCGAGACGAGGCTGTGCGACGCGCTCACCGACGTCGTCATCCCCACCTTCGACGTCAAGCTTCTCCAGCCCATCATCTTCTCCA,ATCAGGAGCATGCTCGGCGAGACGAGGCTGTGCGACGCGCTCACCGACGTCGTCATCCCCACCTTCGACGTCAAGCTTCTCCAGCCCATCATCTTCTCCA,TAPLA12_Samp22_B,TAPLA12_B,0,0,1,1,0.01411631846414455,SNP
ATCAGGAGCATGCTCGGCGAGACGAGGCTGTGCGACGCGCTCACCGACGTCGTCATCCCCACCTTCGACGTCAATCTTCTCCAGCCCATCATCTTCTCCA,ATCAGGAGCATGCTCGGCGAGACGAGGCTGTGCGACGCGCTCACCGACGTCGTCATCCCCACCTTCGACGTCAAGCTTCTCCAGCCCATCATCTTCTCCA,TAPLA12_Samp22_B,TAPLA12_B,0,0,1,1,0.01411631846414455,SNP
ATCAGGAGCATGCTCGGCGAGACGAGGCTGTGCGACGCGCTCACCGACGTCGTCATCCCCACCTTCGACGTCAAGCTTCACCAGCCCATCATCTTCTCCA,ATCAGGAGCATGCTCGGCGAGACGAGGCTGTGCGACGCGCTCACCGACGTCGTCATCCCCACCTTCGACGTCAAGCTTCTCCAGCCCATCATCTTCTCCA,TAPLA12_Samp22_B,TAPLA12_B,0,0,1,1,0.01411631846414455,SNP
ATCAGGAGCATGCTCGGCGAGACGAGGCTGTGCGACGCGCTCACCGACGTCGTCATCCCCACCTTCGACGTCAAGCTTCCCCAGCCCATCATCTTCTCCA,ATCAGGAGCATGCTCGGCGAGACGAGGCTGTGCGACGCGCTCACCGACGTCGTCATCCCCACCTTCGACGTCAAGCTTCTCCAGCCCATCATCTTCTCCA,TAPLA12_Samp22_B,TAPLA12_B,0,0,1,1,0.01411631846414455,SNP
ATCAGGAGCATGCTCGGCGAGACGCGGCTGTGCGACGCGCTCACCGACGTCGTCATCCCCACCTTCGACGTCAAGCTTCTCCAGCCCATCATCTTCTCCA,ATCAGGAGCATGCTCGGCGAGACGAGGCTGTGCGACGCGCTCACCGACGTCGTCATCCCCACCTTCGACGTCAAGCTTCTCCAGCCCATCATCTTCTCCA,TAPLA12_Samp22_B,TAPLA12_B,0,0,1,1,0.01411631846414455,SNP
ATCAGGAGCATGCTCGGCGAGACGAGGCTGTCCGATGCGCTCACCGACGTCGTCATCCCCACCTTCGACGTCAAGCTTCTCCAGCCCATCATCTTCTCCA,ATCAGGAGCATGCTCGGCGAGACGAGGCTGTGCGACGCGCTCACCGACGTCGTCATCCCCACCTTCGACGTCAAGCTTCTCCAGCCCATCATCTTCTCCA,TAPLA12_Samp22_B,TAPLA12_B,0,0,2,1,0.01411631846414455,SNP
ATCAGGAGCATGCTCGGCGAGACGAGGCTGTGCGACGCGCTCACCGACGTCGTCATCCCCACCTTCGACGTCAAGCTTCTCCAGCCCCTCATCTTCTCCA,ATCAGGAGCATGCTCGGCGAGACGAGGCTGTGCGACGCGCTCACCGACGTCGTCATCCCCACCTTCGACGTCAAGCTTCTCCAGCCCATCATCTTCTCCA,TAPLA12_Samp22_B,TAPLA12_B,0,0,1,1,0.01411631846414455,SNP
ATCAGGAGCATGCTCGGCGAGACGAGGCTGTGCTACGCGCTCACCGACGTGGTCATCCCCACCTTCGAAGTCAAGCTTCTCCAGCCCATCATCTTCTCCA,ATCAGGAGCATGCTCGGCGAGACGAGGCTGTGCGACGCGCTCACCGACGTCGTCATCCCCACCTTCGACGTCAAGCTTCTCCAGCCCATCATCTTCTCCA,TAPLA12_Samp22_B,TAPLA12_B,0,0,3,1,0.01411631846414455,SNP
ATCAGGAGCACGCTCGGCGAGACGAGGCTGTGCGACGCGCTCACCGACGTCGTCATCCCCACCTTCGACGTCAAGCTTCTCCAGCCCATCATCTTCTCCA,ATCAGGAGCATGCTCGGCGAGACGAGGCTGTGCGACGCGCTCACCGACGTCGTCATCCCCACCTTCGACGTCAAGCTTCTCCAGCCCATCATCTTCTCCA,TAPLA12_Samp22_B,TAPLA12_B,0,0,1,1,0.01411631846414455,SNP
ATCAGGAGCATGCTCGGCGAGGCGAGGCTGTCCGACGCGCTCACCGACGTGGTCATCCCCACCTTCGACGTCAAGCTTCTCCAGCCCATCATCTTCTCCA,ATCAGGAGCATGCTCGGCGAGACGAGGCTGTGCGACGCGCTCACCGACGTCGTCATCCCCACCTTCGACGTCAAGCTTCTCCAGCCCATCATCTTCTCCA,TAPLA12_Samp22_B,TAPLA12_B,0,0,3,1,0.01411631846414455,SNP
ATCAGGAGCCTGCTCGGCGAGACGAGGCTGTGCGACGCGCTCACCGACGTCGTCATCCCCACCTTCGACGTCAAGCTTCTCCAGCCCATCATCTTCTCCA,ATCAGGAGCATGCTCGGCGAGACGAGGCTGTGCGACGCGCTCACCGACGTCGTCATCCCCACCTTCGACGTCAAGCTTCTCCAGCCCATCATCTTCTCCA,TAPLA12_Samp22_B,TAPLA12_B,0,0,1,1,0.01411631846414455,SNP
ATCAGGAGCATGCTCGGCGAGACGAGGCTGTCCGACGCGCTCACCGACGTCGTCATCCCCACCTTCGACGCCAAGCTTCTCCAGCCCATCATCTTCTCCA,ATCAGGAGCATGCTCGGCGAGACGAGGCTGTGCGACGCGCTCACCGACGTCGTCATCCCCACCTTCGACGTCAAGCTTCTCCAGCCCATCATCTTCTCCA,TAPLA12_Samp22_B,TAPLA12_B,0,0,2,1,0.01411631846414455,SNP
AT-AGGAGCATGCTCGGCGAGACGAGGCTGTGCGACGCGCTCACCGACGTCGTCATCCCCACCTTCGACGTCAAGCTTCTCCAGCCCATCATCTTCTCCA,ATCAGGAGCATGCTCGGCGAGACGAGGCTGTGCGACGCGCTCACCGACGTCGTCATCCCCACCTTCGACGTCAAGCTTCTCCAGCCCATCATCTTCTCCA,TAPLA12_Samp22_B,TAPLA12_B,1,0,0,1,0.01411631846414455,3N+2
ATCAGGAGCATGCTCGGCGAGACGAGGCTGTGCGACGCGCTCACCGACGTCGTCATCCCCACCTTCGACGTCAAGCTTCTCCAGCCCATCATCTTCTACA,ATCAGGAGCATGCTCGGCGAGACGAGGCTGTGCGACGCGCTCACCGACGTCGTCATCCCCACCTTCGACGTCAAGCTTCTCCAGCCCATCATCTTCTCCA,TAPLA12_Samp22_B,TAPLA12_B,0,0,1,1,0.01411631846414455,SNP
ATCAGGAGCATGATCGGCGAGACGAGGCTGTGCGACGCGCTCACCGACGTCGTCATCCCCACCTTCGACGTCAAGCTTCTCCAGCCCATCATCTTCTCCA,ATCAGGAGCATGCTCGGCGAGACGAGGCTGTGCGACGCGCTCACCGACGTCGTCATCCCCACCTTCGACGTCAAGCTTCTCCAGCCCATCATCTTCTCCA,TAPLA12_Samp22_B,TAPLA12_B,0,0,1,1,0.01411631846414455,SNP
ATCAGGAGCATGCTCGGCGAAACGAGGCTGTGCGACGCGCTCACCGACGTCGTCATCCCCACCTTCGACGTCAAGCTTCTCCAGCCCATCATCTTCTCCA,ATCAGGAGCATGCTCGGCGAGACGAGGCTGTGCGACGCGCTCACCGACGTCGTCATCCCCACCTTCGACGTCAAGCTTCTCCAGCCCATCATCTTCTCCA,TAPLA12_Samp22_B,TAPLA12_B,0,0,1,1,0.01411631846414455,SNP
ATCAGGAGCATGCTCGGCGAGACGAGGCTGTGCGACGCGCTCACCGACGTCGTCATCCCCACCTTCGACGTCAAGCCTCTCCAGCCCATCATCTTCTCCA,ATCAGGAGCATGCTCGGCGAGACGAGGCTGTGCGACGCGCTCACCGACGTCGTCATCCCCACCTTCGACGTCAAGCTTCTCCAGCCCATCATCTTCTCCA,TAPLA12_Samp22_B,TAPLA12_B,0,0,1,1,0.01411631846414455,SNP
ATCAGGAGCATGCTCGGCGAGACGAGGCTGTGCGACGCGCTCACCGACGTCGTCATCCCCTCCTTCGACGTCAAGCTTCTCCAGCCCATCATCTTCTCCA,ATCAGGAGCATGCTCGGCGAGACGAGGCTGTGCGACGCGCTCACCGACGTCGTCATCCCCACCTTCGACGTCAAGCTTCTCCAGCCCATCATCTTCTCCA,TAPLA12_Samp22_B,TAPLA12_B,0,0,1,1,0.01411631846414455,SNP
ATCAGGATCATGCTCGGCGAGACGAGGCTGTGCGACGCGCTCACCGACGTCGTCATCCCCACCTTCGACGTCAAGCTTCTCCAGCCCATCATCTTCTCCA,ATCAGGAGCATGCTCGGCGAGACGAGGCTGTGCGACGCGCTCACCGACGTCGTCATCCCCACCTTCGACGTCAAGCTTCTCCAGCCCATCATCTTCTCCA,TAPLA12_Samp22_B,TAPLA12_B,0,0,1,1,0.01411631846414455,SNP
ATCAGGAGCATGCTCGGCGAGACGAGGCTGTGCGACGCGATCACCGACGTCGTCATCCCCACCTTCGACGTCAAGCTTCTCCAGCCCATCATCTTCTCCA,ATCAGGAGCATGCTCGGCGAGACGAGGCTGTGCGACGCGCTCACCGACGTCGTCATCCCCACCTTCGACGTCAAGCTTCTCCAGCCCATCATCTTCTCCA,TAPLA12_Samp22_B,TAPLA12_B,0,0,1,1,0.01411631846414455,SNP
ATCAGGAGCATGCTCGGCGAGACGAGGCTGTGCGACGCGCTCACCGACGTCGTCATCCCCACCTTCGACGTCAAGATTCTCCAGCCCATCATCTTCTCCA,ATCAGGAGCATGCTCGGCGAGACGAGGCTGTGCGACGCGCTCACCGACGTCGTCATCCCCACCTTCGACGTCAAGCTTCTCCAGCCCATCATCTTCTCCA,TAPLA12_Samp22_B,TAPLA12_B,0,0,1,1,0.01411631846414455,SNP
ATCAGGAGCATACTCGGCGAGACGAGGCTGTCCGACGCGCTCACCGACGTGGTCATCCCCACCTTCGACGTCAAGCTTCTCCAGCCCATCATCTTCTCCA,ATCAGGAGCATGCTCGGCGAGACGAGGCTGTGCGACGCGCTCACCGACGTCGTCATCCCCACCTTCGACGTCAAGCTTCTCCAGCCCATCATCTTCTCCA,TAPLA12_Samp22_B,TAPLA12_B,0,0,3,1,0.01411631846414455,SNP
ATCAAGAGCATGCTCGGCGAGACGAGGCTGTGCGACGCGCTCACCGACGTCGTCATCCCCACCTTCGACGTCAAGCTTCTCCAGCCCATCATCTTCTCCA,ATCAGGAGCATGCTCGGCGAGACGAGGCTGTGCGACGCGCTCACCGACGTCGTCATCCCCACCTTCGACGTCAAGCTTCTCCAGCCCATCATCTTCTCCA,TAPLA12_Samp22_B,TAPLA12_B,0,0,1,1,0.01411631846414455,SNP
ATCAGGAGCATGCTCGGCGAGACGAGGCTGTGCGACGCGCTCACCGACGTCGTCATCCCCACCTTCGACGTCAAACTTCTCCAGCCCATCATCTTCTCCA,ATCAGGAGCATGCTCGGCGAGACGAGGCTGTGCGACGCGCTCACCGACGTCGTCATCCCCACCTTCGACGTCAAGCTTCTCCAGCCCATCATCTTCTCCA,TAPLA12_Samp22_B,TAPLA12_B,0,0,1,1,0.01411631846414455,SNP
ATCAGGAGCATGCTCGGCTAGACGAGGCTGTGCGACGCGCTCACCGACGTCGTCATCCCCACCTTCGACGTCAAGCTTCTCCAGCCCATCATCTTCTCCA,ATCAGGAGCATGCTCGGCGAGACGAGGCTGTGCGACGCGCTCACCGACGTCGTCATCCCCACCTTCGACGTCAAGCTTCTCCAGCCCATCATCTTCTCCA,TAPLA12_Samp22_B,TAPLA12_B,0,0,1,1,0.01411631846414455,SNP_STOP
ATCAGGAGCATGCTCGGCGAGACGAGGCTGTGCGACGCGCTCACCGACGTCGTCATCCCCACCTTCGACGTCAAGCTTCTCCAGCCCATTATCTTCT-C--CA,ATCAGGAGCATGCTCGGCGAGACGAGGCTGTGCGACGCGCTCACCGACGTCGTCATCCCCACCTTCGACGTCAAGCTTCTCCAGCCCATCA---TCTTCTCCA,TAPLA12_Samp22_B,TAPLA12_B,3,3,1,1,0.01411631846414455,3N
ATCAGGAGCATGCTCGGCGAGACGAGGCTGTGCGACGCGCTCACCGACGTCGTCATCCCCACCTTCGACGTCAAGCTTCGCCAGCCCATCATCTTCTCCA,ATCAGGAGCATGCTCGGCGAGACGAGGCTGTGCGACGCGCTCACCGACGTCGTCATCCCCACCTTCGACGTCAAGCTTCTCCAGCCCATCATCTTCTCCA,TAPLA12_Samp22_B,TAPLA12_B,0,0,1,1,0.01411631846414455,SNP
ATCAGGAGCATGCTCGGCGAGACGAGGCTGTGCGGCGCGCTCACCGACGTCGTCATCCCCACCTTCGACGTCAAGCTTCTCCAGCCCATCATCTTCTCCA,ATCAGGAGCATGCTCGGCGAGACGAGGCTGTGCGACGCGCTCACCGACGTCGTCATCCCCACCTTCGACGTCAAGCTTCTCCAGCCCATCATCTTCTCCA,TAPLA12_Samp22_B,TAPLA12_B,0,0,1,1,0.01411631846414455,SNP
ATCAGGAGCATGCTCGGCGAGACGAGGCTGTGCGACGCGCTCACCGACGTCGTCATACCCACCTTCGACGTCAAGCTTCTCCAGCCCATCATCTTCTCCA,ATCAGGAGCATGCTCGGCGAGACGAGGCTGTGCGACGCGCTCACCGACGTCGTCATCCCCACCTTCGACGTCAAGCTTCTCCAGCCCATCATCTTCTCCA,TAPLA12_Samp22_B,TAPLA12_B,0,0,1,1,0.01411631846414455,SNP
ATCAGGAGCATGCTCGGCGAGACGAGGCTGTGCGACGCGCTCACCGACGTCGGCATCCCCACCTTCGACGTCAAGCTTCTCCAGCCCATCATCTTCTCCA,ATCAGGAGCATGCTCGGCGAGACGAGGCTGTGCGACGCGCTCACCGACGTCGTCATCCCCACCTTCGACGTCAAGCTTCTCCAGCCCATCATCTTCTCCA,TAPLA12_Samp22_B,TAPLA12_B,0,0,1,1,0.01411631846414455,SNP
ATCAGGAGCATGCTCGGCGAGACGAGGTTGTGCGACGCGCTCACCGACGTCGTCATCCCCACCTTCGACGTCAAGCTTCTCCAGCCCATCATCTTCTCCA,ATCAGGAGCATGCTCGGCGAGACGAGGCTGTGCGACGCGCTCACCGACGTCGTCATCCCCACCTTCGACGTCAAGCTTCTCCAGCCCATCATCTTCTCCA,TAPLA12_Samp22_B,TAPLA12_B,0,0,1,1,0.01411631846414455,SNP
ATCAGGAGCATGCTCGGCGAGACGAGGCTGTGCGACGCGCTCACCGACGTCGTCATCCCCACCTTCGACGTCAAGCTTCTCCAGCCCATCATCTTCTCTA,ATCAGGAGCATGCTCGGCGAGACGAGGCTGTGCGACGCGCTCACCGACGTCGTCATCCCCACCTTCGACGTCAAGCTTCTCCAGCCCATCATCTTCTCCA,TAPLA12_Samp22_B,TAPLA12_B,0,0,1,1,0.01411631846414455,SNP
ATCAGGAGCATGCTCGGCGAGACGAGGCTGTGCGACGCGCTCACCGACGTCGTCATCCCCACCTTCGACGTCAAGCTTCTCCAGCCTATCATCTTCTCCA,ATCAGGAGCATGCTCGGCGAGACGAGGCTGTGCGACGCGCTCACCGACGTCGTCATCCCCACCTTCGACGTCAAGCTTCTCCAGCCCATCATCTTCTCCA,TAPLA12_Samp22_B,TAPLA12_B,0,0,1,1,0.01411631846414455,SNP
ATCAGGAGCATGCTCGGCGAGACGAGGCTGTGCGACGCGCTCACCGACGTCGTCATCCCCACCTTCGACGTCAAGCTCCTCCAGCCCATCATCTTCTCCA,ATCAGGAGCATGCTCGGCGAGACGAGGCTGTGCGACGCGCTCACCGACGTCGTCATCCCCACCTTCGACGTCAAGCTTCTCCAGCCCATCATCTTCTCCA,TAPLA12_Samp22_B,TAPLA12_B,0,0,1,1,0.01411631846414455,SNP
ATCATGAGCATGCTCGGCGAGACGAGGCTGTGCGACGCGCTCACCGACGTCGTCATCCCCACCTTCGACGTCAAGCTTCTCCAGCCCATCATCTTCTCCA,ATCAGGAGCATGCTCGGCGAGACGAGGCTGTGCGACGCGCTCACCGACGTCGTCATCCCCACCTTCGACGTCAAGCTTCTCCAGCCCATCATCTTCTCCA,TAPLA12_Samp22_B,TAPLA12_B,0,0,1,1,0.01411631846414455,SNP
ATCAGGAGCATGCTCGGCGAGACGAGGCTGTGCGACGCGCTCACCGACGTCGTCGTCCCCACCTTCGACGTCAAGCTTCTCCAGCCCATCATCTTCTCCA,ATCAGGAGCATGCTCGGCGAGACGAGGCTGTGCGACGCGCTCACCGACGTCGTCATCCCCACCTTCGACGTCAAGCTTCTCCAGCCCATCATCTTCTCCA,TAPLA12_Samp22_B,TAPLA12_B,0,0,1,1,0.01411631846414455,SNP
ATCAGGAGCATTCTCGGCGAGACGAGGCTGTGCGACGCGCTCACCGACGTCGTCATCCCCACCTTCGACGTCAATCTTCTCCAGCCCATCATCTTCTCCA,ATCAGGAGCATGCTCGGCGAGACGAGGCTGTGCGACGCGCTCACCGACGTCGTCATCCCCACCTTCGACGTCAAGCTTCTCCAGCCCATCATCTTCTCCA,TAPLA12_Samp22_B,TAPLA12_B,0,0,2,1,0.01411631846414455,SNP
ATCAGGAGCATGCTCAGCGAGACGAGGCTGTGCGACGCGCTCACCGACGTGGTCATCCCCACCTTCGACGTCAAGCTTCTCCAGCCCATCATCTTCTCCA,ATCAGGAGCATGCTCGGCGAGACGAGGCTGTGCGACGCGCTCACCGACGTCGTCATCCCCACCTTCGACGTCAAGCTTCTCCAGCCCATCATCTTCTCCA,TAPLA12_Samp22_B,TAPLA12_B,0,0,2,1,0.01411631846414455,SNP
ATCAGGAGCATGCTCGGTGAGACGAGGCTGTCCGACGCGCTCACCGACGTCGTCATCCCCACCTTCGACGTCAAGCTTCTCCAGCCCATCATCTTCTCCA,ATCAGGAGCATGCTCGGCGAGACGAGGCTGTGCGACGCGCTCACCGACGTCGTCATCCCCACCTTCGACGTCAAGCTTCTCCAGCCCATCATCTTCTCCA,TAPLA12_Samp22_B,TAPLA12_B,0,0,2,1,0.01411631846414455,SNP
ATCAGGAGCATGCTCGGCGAGACGAGGCTGTCCGACGCGCTCACCGACGTCGTCATCCCCACCTTCGACGTCAAGCTTCTCCAGCCCATCATCTCCTC--CA,ATCAGGAGCATGCTCGGCGAGACGAGGCTGTGCGACGCGCTCACCGACGTCGTCATCCCCACCTTCGACGTCAAGCTTCTCCAGCCCATCATCT--TCTCCA,TAPLA12_Samp22_B,TAPLA12_B,2,2,1,1,0.01411631846414455,3N
ATCAGGAGCATGCTCGGCGAGACGAGGCTGTGCGACGCGCTCACCGACGTCGTCATCCCCACCTTAGACGTCAAGCTTCTCCAGCCCATCATCTTCTCCA,ATCAGGAGCATGCTCGGCGAGACGAGGCTGTGCGACGCGCTCACCGACGTCGTCATCCCCACCTTCGACGTCAAGCTTCTCCAGCCCATCATCTTCTCCA,TAPLA12_Samp22_B,TAPLA12_B,0,0,1,1,0.01411631846414455,SNP
ATCAGGAGCATGCTCGGCGAGACGAGGCTGTGCGACGCGCTCACCGACGTCGTCATCCCAACCTTCGACGTCAAGCTTCTCCAGCCCATCATCTTCTCCA,ATCAGGAGCATGCTCGGCGAGACGAGGCTGTGCGACGCGCTCACCGACGTCGTCATCCCCACCTTCGACGTCAAGCTTCTCCAGCCCATCATCTTCTCCA,TAPLA12_Samp22_B,TAPLA12_B,0,0,1,1,0.01411631846414455,SNP
ATCAGGAGCATGCTCGGCGAGACGAGGCTGTGCGACGCGCTCACCGACGTCGTCATCCCCACCTTCGACGTCAAGCTTCTCCAGCCCATCATCTTCCCCA,ATCAGGAGCATGCTCGGCGAGACGAGGCTGTGCGACGCGCTCACCGACGTCGTCATCCCCACCTTCGACGTCAAGCTTCTCCAGCCCATCATCTTCTCCA,TAPLA12_Samp22_B,TAPLA12_B,0,0,1,1,0.01411631846414455,SNP
ATCAGGAGCATGCTCGGCGAGACGAGGCTGTGCGACGCGCTCACCGACGTCGTCATCCCCACCTTCGACGTCAAGCTTCTCCAGCCCATCATCTTCTC-AA,ATCAGGAGCATGCTCGGCGAGACGAGGCTGTGCGACGCGCTCACCGACGTCGTCATCCCCACCTTCGACGTCAAGCTTCTCCAGCCCATCATCTTCTCCA-,TAPLA12_Samp22_B,TAPLA12_B,1,0,0,1,0.01411631846414455,3N+2
ATCAGGAGCATGCTCGGCGAGACGAGGCTGTGCGACGCGCTCACCGACGTCGTAATCCCCACCTTCGACGTCAAGCTTCTCCAGCCCATCATCTTCTCCA,ATCAGGAGCATGCTCGGCGAGACGAGGCTGTGCGACGCGCTCACCGACGTCGTCATCCCCACCTTCGACGTCAAGCTTCTCCAGCCCATCATCTTCTCCA,TAPLA12_Samp22_B,TAPLA12_B,0,0,1,1,0.01411631846414455,SNP
ATCAGGAGCATGCTCGGCGAGACGAGGCTGTGCGACGCGCTCACCGACGTCGTCATCCCCACCTTCGACGTCGAGCTTCTCCAGCCCATCATCTTCTCCA,ATCAGGAGCATGCTCGGCGAGACGAGGCTGTGCGACGCGCTCACCGACGTCGTCATCCCCACCTTCGACGTCAAGCTTCTCCAGCCCATCATCTTCTCCA,TAPLA12_Samp22_B,TAPLA12_B,0,0,1,1,0.01411631846414455,SNP
ATCAGGAGCATGCTCGGCGAGACGAGGCTGTGCGACGCGCTCACCGCCGTCGTCATCCCCACCTTCGACGTCAAGCTTCTCCAGCCCATCATCTTCTCCA,ATCAGGAGCATGCTCGGCGAGACGAGGCTGTGCGACGCGCTCACCGACGTCGTCATCCCCACCTTCGACGTCAAGCTTCTCCAGCCCATCATCTTCTCCA,TAPLA12_Samp22_B,TAPLA12_B,0,0,1,1,0.01411631846414455,SNP
ATCAGGAGCATGCTCGGCGAGACGAGGCTGTGCGACGCGCCCACCGACGTCGTCATCCCCACCTTCGACGTCAAGCTTCTCCAGCCCATCATCTTCTCCA,ATCAGGAGCATGCTCGGCGAGACGAGGCTGTGCGACGCGCTCACCGACGTCGTCATCCCCACCTTCGACGTCAAGCTTCTCCAGCCCATCATCTTCTCCA,TAPLA12_Samp22_B,TAPLA12_B,0,0,1,1,0.01411631846414455,SNP
ATCAGGAGCATGCTCGGCGAGACGAGGCTGTGCGACGCGCTCACCGACGTCGTCATTCCCACCTTCGACGTCAAGCTTCTCCAGCCCATCATCTTCTCCA,ATCAGGAGCATGCTCGGCGAGACGAGGCTGTGCGACGCGCTCACCGACGTCGTCATCCCCACCTTCGACGTCAAGCTTCTCCAGCCCATCATCTTCTCCA,TAPLA12_Samp22_B,TAPLA12_B,0,0,1,1,0.01411631846414455,SNP
ATCAGGAGCATGCTCGGCGAGACGAGGCTGTGCGACGAGCTCACCGACGTCGTCATCCCCACCTTCGACGTCAAGCTTCTCCAGCCCATCATCTTCTCCA,ATCAGGAGCATGCTCGGCGAGACGAGGCTGTGCGACGCGCTCACCGACGTCGTCATCCCCACCTTCGACGTCAAGCTTCTCCAGCCCATCATCTTCTCCA,TAPLA12_Samp22_B,TAPLA12_B,0,0,1,1,0.01411631846414455,SNP
ATCAGGAGCATGCTCGGCGAGACGAGGCTGTGCGACGCGCTCACCGACGTCGTCATCCCCACCTTCGACGTCAAGCTTCTCCAGC-ACATCATCTTCT-C-C-A,ATCAGGAGCATGCTCGGCGAGACGAGGCTGTGCGACGCGCTCACCGACGTCGTCATCCCCACCTTCGACGTCAAGCTTCTCCAGCC----CATCATCTTCTCCA,TAPLA12_Samp22_B,TAPLA12_B,4,4,1,1,0.01411631846414455,3N
ATCAGGAGCATGCTCGGCGAGACGAGGCTGTGCGACGCGCTCACGGACGTCGTCATCCCCACCTTCGACGTCAAGCTTCTCCAGCCCATCATCTTCTCCA,ATCAGGAGCATGCTCGGCGAGACGAGGCTGTGCGACGCGCTCACCGACGTCGTCATCCCCACCTTCGACGTCAAGCTTCTCCAGCCCATCATCTTCTCCA,TAPLA12_Samp22_B,TAPLA12_B,0,0,1,1,0.01411631846414455,SNP
ATCAGGAGCATGCTCGGCGAGACGAGGCTGTGCGACGCGCTCACCGACGTCGTCATCCCCACCTTCGACGTCAAGCTTCTCCAGCCAATCATCTTCTCCA,ATCAGGAGCATGCTCGGCGAGACGAGGCTGTGCGACGCGCTCACCGACGTCGTCATCCCCACCTTCGACGTCAAGCTTCTCCAGCCCATCATCTTCTCCA,TAPLA12_Samp22_B,TAPLA12_B,0,0,1,1,0.01411631846414455,SNP
ATCAGGAGCATGCTCGGCGAGACGAGGCTGTGCGACGCGGTCACCGACGTCGTCATCCCCACCTTCGACGTCAAGCTTCTCCAGCCCATCATCTTCTCCA,ATCAGGAGCATGCTCGGCGAGACGAGGCTGTGCGACGCGCTCACCGACGTCGTCATCCCCACCTTCGACGTCAAGCTTCTCCAGCCCATCATCTTCTCCA,TAPLA12_Samp22_B,TAPLA12_B,0,0,1,1,0.01411631846414455,SNP
ATCAGGAGCATGCTCGGCGAGACGAGGCTGTGCGACGCGCTCACCGACGTCGTCACCCCCACCTTCGACGTCAAGCTTCTCCAGCCCATCATCTTCTCCA,ATCAGGAGCATGCTCGGCGAGACGAGGCTGTGCGACGCGCTCACCGACGTCGTCATCCCCACCTTCGACGTCAAGCTTCTCCAGCCCATCATCTTCTCCA,TAPLA12_Samp22_B,TAPLA12_B,0,0,1,1,0.01411631846414455,SNP
ATCAGGAGCATGCTCGGCGAGACGAGGCTGTGCGACGCGCTCACCGACGTCGTCATCCCCACCTTCGACGTCAAGCTTTTCCAGCCCATCATCTTCTCCA,ATCAGGAGCATGCTCGGCGAGACGAGGCTGTGCGACGCGCTCACCGACGTCGTCATCCCCACCTTCGACGTCAAGCTTCTCCAGCCCATCATCTTCTCCA,TAPLA12_Samp22_B,TAPLA12_B,0,0,1,1,0.01411631846414455,SNP
ATCAGGAGCATGCTCGGCGAGACGAGGCTGTGCGACGCGCTCACCGACGTCGTCATCCCTACCTTCGACGTCAAGCTTCTCCAGCCCATCATCTTCTCCA,ATCAGGAGCATGCTCGGCGAGACGAGGCTGTGCGACGCGCTCACCGACGTCGTCATCCCCACCTTCGACGTCAAGCTTCTCCAGCCCATCATCTTCTCCA,TAPLA12_Samp22_B,TAPLA12_B,0,0,1,1,0.01411631846414455,SNP
ATCAGGAGCATGCTTGGCGAGACGAGGCTGTGCGACGCGCTCACCGACGTCGTCATCCCCACCTTCGACGTCAAGCTTCTCCAGCCCATCATCTTCTCCA,ATCAGGAGCATGCTCGGCGAGACGAGGCTGTGCGACGCGCTCACCGACGTCGTCATCCCCACCTTCGACGTCAAGCTTCTCCAGCCCATCATCTTCTCCA,TAPLA12_Samp22_B,TAPLA12_B,0,0,1,1,0.01411631846414455,SNP
ATCAGGAGCATGCTCGGCGAGACGAGGCTGTGCGACGCGCTCACCGACGTCGTCATCCCCATCTTCGACGTCAAGCTTCTCCAGCCCATCATCTTCTCCA,ATCAGGAGCATGCTCGGCGAGACGAGGCTGTGCGACGCGCTCACCGACGTCGTCATCCCCACCTTCGACGTCAAGCTTCTCCAGCCCATCATCTTCTCCA,TAPLA12_Samp22_B,TAPLA12_B,0,0,1,1,0.01411631846414455,SNP
ATCAGGAGCATGCTCGGCGAGACGAGGCTGTGCGACGCCCTCACCGACGTCGTCATCCCCACCTTCGACGTCAAGCTTCTCCAGCCCATCATCTTCTCCA,ATCAGGAGCATGCTCGGCGAGACGAGGCTGTGCGACGCGCTCACCGACGTCGTCATCCCCACCTTCGACGTCAAGCTTCTCCAGCCCATCATCTTCTCCA,TAPLA12_Samp22_B,TAPLA12_B,0,0,1,1,0.01411631846414455,SNP
ATCAGGAGTATGCTCGGCGAGACGAGGCTGTGCGACGCGCTCACCGACGTCGTCATCCCCACCTTCGACGTCAAGCTTCTCCAGCCCATCATCTTCTCCA,ATCAGGAGCATGCTCGGCGAGACGAGGCTGTGCGACGCGCTCACCGACGTCGTCATCCCCACCTTCGACGTCAAGCTTCTCCAGCCCATCATCTTCTCCA,TAPLA12_Samp22_B,TAPLA12_B,0,0,1,1,0.01411631846414455,SNP
ATCAGGAGCATGCTCGGCGAGACGAGGCTGTGCGACGCGCTCACCGACGTCGTCAGCCCCACCTTCGACGTCAAGCTTCTCCAGCCCATCATCTTCTCCA,ATCAGGAGCATGCTCGGCGAGACGAGGCTGTGCGACGCGCTCACCGACGTCGTCATCCCCACCTTCGACGTCAAGCTTCTCCAGCCCATCATCTTCTCCA,TAPLA12_Samp22_B,TAPLA12_B,0,0,1,1,0.01411631846414455,SNP
ATCAGGAGCATCCTCGGCGAGACGAGGCTGTGCGACGCGCTCACCGACGTCGTCATCCCCACCTTCGACGTCAAGCTTCTCCAGCCCATCATCTTCTCCA,ATCAGGAGCATGCTCGGCGAGACGAGGCTGTGCGACGCGCTCACCGACGTCGTCATCCCCACCTTCGACGTCAAGCTTCTCCAGCCCATCATCTTCTCCA,TAPLA12_Samp22_B,TAPLA12_B,0,0,1,1,0.01411631846414455,SNP
ATCAGGCGCAGGCTCGGCGAGACGAGGCGGTGCGACGCGCTCACCGACGTCGTCATCCCCACCTTCGACGTCAAGCTTCTCCAGCCCATCATCTTCTCCA,ATCAGGAGCATGCTCGGCGAGACGAGGCTGTGCGACGCGCTCACCGACGTCGTCATCCCCACCTTCGACGTCAAGCTTCTCCAGCCCATCATCTTCTCCA,TAPLA12_Samp22_B,TAPLA12_B,0,0,3,1,0.01411631846414455,SNP
ATCAGGAGCATGCTCGGCGAGACGAGGCTGTGCGACGCGCTCAACGACGTCGTCATCCCCACCTTCGACGTCAAGCTTCTCCAGCCCATCATCTTCTCCA,ATCAGGAGCATGCTCGGCGAGACGAGGCTGTGCGACGCGCTCACCGACGTCGTCATCCCCACCTTCGACGTCAAGCTTCTCCAGCCCATCATCTTCTCCA,TAPLA12_Samp22_B,TAPLA12_B,0,0,1,1,0.01411631846414455,SNP
ATCAGGAGCATGCTCGGCGAGACGAGGCTATGCGACGCGCTCACCGACGTCGTCATCCCCACCTTCGACGTCAAGCTTCTCCAGCCCATCATCTTCTCCA,ATCAGGAGCATGCTCGGCGAGACGAGGCTGTGCGACGCGCTCACCGACGTCGTCATCCCCACCTTCGACGTCAAGCTTCTCCAGCCCATCATCTTCTCCA,TAPLA12_Samp22_B,TAPLA12_B,0,0,1,1,0.01411631846414455,SNP
ATCAGGAGCATGCTCGGCGAGCCGAGGCTGTGCGACGCGCTCACCGACGTCGTCATCCCCACCTTCGACGTCAAGCTTCTCCAGCCCATCATCTTCTCCA,ATCAGGAGCATGCTCGGCGAGACGAGGCTGTGCGACGCGCTCACCGACGTCGTCATCCCCACCTTCGACGTCAAGCTTCTCCAGCCCATCATCTTCTCCA,TAPLA12_Samp22_B,TAPLA12_B,0,0,1,1,0.01411631846414455,SNP
AA-CAGGAGCATGCTCGGCGAGACGAGGCTGTGCGACGCGCTCACCGACGTCGTCATCCCCACCTTCGACGTCAAGCTTCTCCAGCCCATCATCTTCTCCA,-ATCAGGAGCATGCTCGGCGAGACGAGGCTGTGCGACGCGCTCACCGACGTCGTCATCCCCACCTTCGACGTCAAGCTTCTCCAGCCCATCATCTTCTCCA,TAPLA12_Samp22_B,TAPLA12_B,1,0,0,1,0.01411631846414455,3N+2
ATCAGGAGCATGCTCGGCGAGACCAGGCTGTGCGACGCGCTCACCGACGTCGTCATCCCCACCTTCGACGTCAAGCTTCTCCAGCCCATCATCTTCTCCA,ATCAGGAGCATGCTCGGCGAGACGAGGCTGTGCGACGCGCTCACCGACGTCGTCATCCCCACCTTCGACGTCAAGCTTCTCCAGCCCATCATCTTCTCCA,TAPLA12_Samp22_B,TAPLA12_B,0,0,1,1,0.01411631846414455,SNP
ATCAGGAGCATGCTCGGCAAGACGAGGCTGTGCGACGCGCTCACCGACGTCGTCATCCCCACCTTCGACGTCAAGCTTCTCCAGCCCATCATCTTCTCCA,ATCAGGAGCATGCTCGGCGAGACGAGGCTGTGCGACGCGCTCACCGACGTCGTCATCCCCACCTTCGACGTCAAGCTTCTCCAGCCCATCATCTTCTCCA,TAPLA12_Samp22_B,TAPLA12_B,0,0,1,1,0.01411631846414455,SNP
ATCAGGAGCATGCTCGGCGAGACGAGGCTGTGAGACGCGCTCACCGACGTCGTCATCCCCACCTTCGACGTCAAGCTTCTCCAGCCCATCATCTTCTCCA,ATCAGGAGCATGCTCGGCGAGACGAGGCTGTGCGACGCGCTCACCGACGTCGTCATCCCCACCTTCGACGTCAAGCTTCTCCAGCCCATCATCTTCTCCA,TAPLA12_Samp22_B,TAPLA12_B,0,0,1,1,0.01411631846414455,SNP_STOP
ATCAGTAGCATGCTCGGCGAGACGAGGCTGTGCGACGCGCTCACCGACGTCGTCATCCCCACCTTCGACGTCAAGCTTCTCCAGCCCATCATCTTCTCCA,ATCAGGAGCATGCTCGGCGAGACGAGGCTGTGCGACGCGCTCACCGACGTCGTCATCCCCACCTTCGACGTCAAGCTTCTCCAGCCCATCATCTTCTCCA,TAPLA12_Samp22_B,TAPLA12_B,0,0,1,1,0.01411631846414455,SNP
ATCAGGAGCATGCTCGGCGAGACGAGGCTGTGCGACGCGCTCATCGACGTCGTCATCCCCACCTTCGACGTCAAGCTTCTCCAGCCCATCATCTTCTCCA,ATCAGGAGCATGCTCGGCGAGACGAGGCTGTGCGACGCGCTCACCGACGTCGTCATCCCCACCTTCGACGTCAAGCTTCTCCAGCCCATCATCTTCTCCA,TAPLA12_Samp22_B,TAPLA12_B,0,0,1,1,0.01411631846414455,SNP
ATCAGGAGCATGCTCGGCGAGACGAGGCTGTGCGACGCGCTCACCGACGTCGTCATCCCCACCTTCGACGTCAAGTTTCTCCAGCCCATCATCTTCTCCA,ATCAGGAGCATGCTCGGCGAGACGAGGCTGTGCGACGCGCTCACCGACGTCGTCATCCCCACCTTCGACGTCAAGCTTCTCCAGCCCATCATCTTCTCCA,TAPLA12_Samp22_B,TAPLA12_B,0,0,1,1,0.01411631846414455,SNP
ATCAGGAGCATGCTCGGCGAGACGAGGCTGTGCGACGCGCTCACCGACGTCGTCATCCCCACCTTCGACGTCAAGCTTCTCCAGCCCATAATCTTCTCCA,ATCAGGAGCATGCTCGGCGAGACGAGGCTGTGCGACGCGCTCACCGACGTCGTCATCCCCACCTTCGACGTCAAGCTTCTCCAGCCCATCATCTTCTCCA,TAPLA12_Samp22_B,TAPLA12_B,0,0,1,1,0.01411631846414455,SNP
ATCAGGAGCATGCTCGGCGAGACGAGGCTGTGCGACGCGCTCACCGACGTCGTCATCCCCACCTTCGACGTCAAGCTTCTCCAGCCCATCATC-ATCTC-C-A,ATCAGGAGCATGCTCGGCGAGACGAGGCTGTGCGACGCGCTCACCGACGTCGTCATCCCCACCTTCGACGTCAAGCTTCTCCAGCCCATCATCT---TCTCCA,TAPLA12_Samp22_B,TAPLA12_B,3,3,0,1,0.01411631846414455,3N
ATCAGGAGCATGCTCGTCGAGACGAGGCTGTGCGACGCGCTCACCGACGTCGTCATCCCCACCTTCGACGTCAAGCTTCTCCAGCCCATCATCTTCTCCA,ATCAGGAGCATGCTCGGCGAGACGAGGCTGTGCGACGCGCTCACCGACGTCGTCATCCCCACCTTCGACGTCAAGCTTCTCCAGCCCATCATCTTCTCCA,TAPLA12_Samp22_B,TAPLA12_B,0,0,1,1,0.01411631846414455,SNP
ATCAGGAGCATGCTCGGCGAGACGAGGCTGTGCGACGCGCTCACCGACGTCGTCATCCCCACCGTCGACGTCAAGCTTCTCCAGCCCATCATCTTCTCCA,ATCAGGAGCATGCTCGGCGAGACGAGGCTGTGCGACGCGCTCACCGACGTCGTCATCCCCACCTTCGACGTCAAGCTTCTCCAGCCCATCATCTTCTCCA,TAPLA12_Samp22_B,TAPLA12_B,0,0,1,1,0.01411631846414455,SNP
ATCAGGAGCATGCTCGGCGAGACGAGGCTGTCCGACGCGCTCACCGACGTCGTCATCCCCACCTTCGACGTCAAGCGTCTCCAGCCCATCATCTTCTCCA,ATCAGGAGCATGCTCGGCGAGACGAGGCTGTGCGACGCGCTCACCGACGTCGTCATCCCCACCTTCGACGTCAAGCTTCTCCAGCCCATCATCTTCTCCA,TAPLA12_Samp22_B,TAPLA12_B,0,0,2,1,0.01411631846414455,SNP
AGCAGGAGCATGCTCGGCGAGACGAGGCTGTGCGACGCGCTCACCGACGTCGTCATCCCCACCTTCGACGTCAAGCTTCTCCAGCCCATCATCTTCTCCA,ATCAGGAGCATGCTCGGCGAGACGAGGCTGTGCGACGCGCTCACCGACGTCGTCATCCCCACCTTCGACGTCAAGCTTCTCCAGCCCATCATCTTCTCCA,TAPLA12_Samp22_B,TAPLA12_B,0,0,1,1,0.01411631846414455,SNP
ATCAGGAGCATGCTCGGCGAGACGAGGCTGTGCGACGCGCTCACCGACGTCGTCATCCCCACCTGCGACGTCAAGCTTCTCCAGCCCATCATCTTCTCCA,ATCAGGAGCATGCTCGGCGAGACGAGGCTGTGCGACGCGCTCACCGACGTCGTCATCCCCACCTTCGACGTCAAGCTTCTCCAGCCCATCATCTTCTCCA,TAPLA12_Samp22_B,TAPLA12_B,0,0,1,1,0.01411631846414455,SNP
ATCAGGGGCATGCTCGGCGAGACGAGGCTGTGCGACGCGCTCACCGACGTCGTCATCCCCACCTTCGACGTCAAGCTTCTCCAGCCCATCATCTTCTCCA,ATCAGGAGCATGCTCGGCGAGACGAGGCTGTGCGACGCGCTCACCGACGTCGTCATCCCCACCTTCGACGTCAAGCTTCTCCAGCCCATCATCTTCTCCA,TAPLA12_Samp22_B,TAPLA12_B,0,0,1,1,0.01411631846414455,SNP
ATCAGGAGCATGCTCGGCGAGACGAGGCTGTGCGACGCGCTCACCGACGTCGTCATCCCCACCCTCGACGTCAAGCTTCTCCAGCCCATCATCTTCTCCA,ATCAGGAGCATGCTCGGCGAGACGAGGCTGTGCGACGCGCTCACCGACGTCGTCATCCCCACCTTCGACGTCAAGCTTCTCCAGCCCATCATCTTCTCCA,TAPLA12_Samp22_B,TAPLA12_B,0,0,1,1,0.01411631846414455,SNP
ATCAGGAGCATGCTCGGCGAGACGAGGCTGTGCGACGCGCTCACCGACGTCGTCATCCCCACCTTCGACGTCAAGCTTCTCCGGCCCATCATCTTCTCCA,ATCAGGAGCATGCTCGGCGAGACGAGGCTGTGCGACGCGCTCACCGACGTCGTCATCCCCACCTTCGACGTCAAGCTTCTCCAGCCCATCATCTTCTCCA,TAPLA12_Samp22_B,TAPLA12_B,0,0,1,1,0.01411631846414455,SNP
ATCAGGAGCATGCTCGGCGAGACGAGGCTGTGCGACGCGCTCACCGACGTCGTCATCTCCACCTTCGACGTCAAGCTTCTCCAGCCCATCATCTTCTCCA,ATCAGGAGCATGCTCGGCGAGACGAGGCTGTGCGACGCGCTCACCGACGTCGTCATCCCCACCTTCGACGTCAAGCTTCTCCAGCCCATCATCTTCTCCA,TAPLA12_Samp22_B,TAPLA12_B,0,0,1,1,0.01411631846414455,SNP
ATCAGGCGCATGCTCGGCGAGACGAGGCTGTGCGACGCGCTCGCCGACGTCGTCATCCCCACCTTCGACGTCAAGCTTCTCCAGCCCATCATCTTCTCCA,ATCAGGAGCATGCTCGGCGAGACGAGGCTGTGCGACGCGCTCACCGACGTCGTCATCCCCACCTTCGACGTCAAGCTTCTCCAGCCCATCATCTTCTCCA,TAPLA12_Samp22_B,TAPLA12_B,0,0,2,1,0.01411631846414455,SNP
ATCAGGAGCATGCTCAGCGAGACGAGGCTGTGCGACGCGCTCACCGACGTCGTCATCCCCACCTTCGACGTCAAGCTTCTCCAGCCCATCATCTTCTCCA,ATCAGGAGCATGCTCGGCGAGACGAGGCTGTGCGACGCGCTCACCGACGTCGTCATCCCCACCTTCGACGTCAAGCTTCTCCAGCCCATCATCTTCTCCA,TAPLA12_Samp22_B,TAPLA12_B,0,0,1,1,0.01411631846414455,SNP
ATCAGGAGCATGCTCGGCGAGACGAGGCTGTGCGACGCGCTCACCGACGTCGTCATCCCCACCTTCGACGTCAAGCTTCTCCAGCCCATCATCCTCTCCA,ATCAGGAGCATGCTCGGCGAGACGAGGCTGTGCGACGCGCTCACCGACGTCGTCATCCCCACCTTCGACGTCAAGCTTCTCCAGCCCATCATCTTCTCCA,TAPLA12_Samp22_B,TAPLA12_B,0,0,1,1,0.01411631846414455,SNP
ATCAGGAGCATGCTCGGCGAGACGAGGCTGTCCGACGCGCTCACCGACGTGGTCATCCCCACCTTCGACGTCAAGCTTCTCCAGCCCATCATCTTCTCCA,ATCAGGAGCATGCTCGGCGAGACGAGGCTGTCCGACGCGCTCACCGACGTGGTCATCCCCACCTTCGACGTCAAGCTTCTCCAGCCCATCATCTTCTCCA,TAPLA12_Samp22_D,TAPLA12_D,0,0,0,2064,89.97384481255449,WT
ATCAGGAGCATGCTCGGCGAGACGAGGCTGTGCGACGCGCTCACCGACGTCGTCATCCCCACCTTCGACGTCAAGCTTCTCCAGCCCATCATCTTCTCCA,ATCAGGAGCATGCTCGGCGAGACGAGGCTGTCCGACGCGCTCACCGACGTGGTCATCCCCACCTTCGACGTCAAGCTTCTCCAGCCCATCATCTTCTCCA,TAPLA12_Samp22_D,TAPLA12_D,0,0,2,115,5.0130775937227545,SNP
ATCAGGAGCATGCTCGGCGAGACGAGGCTGTCCGACGCGCTCACCGACGTCGTCATCCCCACCTTCGACGTCAAGCTTCTCCAGCCCATCATCTTCTCCA,ATCAGGAGCATGCTCGGCGAGACGAGGCTGTCCGACGCGCTCACCGACGTGGTCATCCCCACCTTCGACGTCAAGCTTCTCCAGCCCATCATCTTCTCCA,TAPLA12_Samp22_D,TAPLA12_D,0,0,1,34,1.4821272885789014,SNP
ATCAGGAGCATGCTCGGCGAGACGAGGCTGTGCGACGCGCTCACCGACGTGGTCATCCCCACCTTCGACGTCAAGCTTCTCCAGCCCATCATCTTCTCCA,ATCAGGAGCATGCTCGGCGAGACGAGGCTGTCCGACGCGCTCACCGACGTGGTCATCCCCACCTTCGACGTCAAGCTTCTCCAGCCCATCATCTTCTCCA,TAPLA12_Samp22_D,TAPLA12_D,0,0,1,23,1.0026155187445511,SNP
ATCAGGAGCATGTTCGGCGAGACGAGGCTGTCCGACGCGCTCACCGACGTGGTCATCCCCACCTTCGACGTCAAGCTTCTCCAGCCCATCATCTTCTCCA,ATCAGGAGCATGCTCGGCGAGACGAGGCTGTCCGACGCGCTCACCGACGTGGTCATCCCCACCTTCGACGTCAAGCTTCTCCAGCCCATCATCTTCTCCA,TAPLA12_Samp22_D,TAPLA12_D,0,0,1,4,0.17436791630340018,SNP
ATCAGGAGCATGCTCGGCGAGACGAGGCTGTCCGACGCGCTCACCGACGTGGTCATCCCCACCTTCGACGCCAAGCTTCTCCAGCCCATCATCTTCTCCA,ATCAGGAGCATGCTCGGCGAGACGAGGCTGTCCGACGCGCTCACCGACGTGGTCATCCCCACCTTCGACGTCAAGCTTCTCCAGCCCATCATCTTCTCCA,TAPLA12_Samp22_D,TAPLA12_D,0,0,1,3,0.13077593722755013,SNP
ATCGGGAGCATGCTCGGCGAGACGAGGCTGTCCGACGCGCTCACCGACGTGGTCATCCCCACCTTCGACGTCAAGCTTCTCCAGCCCATCATCTTCTCCA,ATCAGGAGCATGCTCGGCGAGACGAGGCTGTCCGACGCGCTCACCGACGTGGTCATCCCCACCTTCGACGTCAAGCTTCTCCAGCCCATCATCTTCTCCA,TAPLA12_Samp22_D,TAPLA12_D,0,0,1,3,0.13077593722755013,SNP
ATCAGGAGCATGCTCGGCGAGACGAGGCTGTCCGACGCGCTCATCGACGTGGTCATCCCCACCTTCGACGTCAAGCTTCTCCAGCCCATCATCTTCTCCA,ATCAGGAGCATGCTCGGCGAGACGAGGCTGTCCGACGCGCTCACCGACGTGGTCATCCCCACCTTCGACGTCAAGCTTCTCCAGCCCATCATCTTCTCCA,TAPLA12_Samp22_D,TAPLA12_D,0,0,1,2,0.08718395815170009,SNP
ATCAGGAGCATGCTCGGCGAGACGAGGCTGTCCGACGCGCTCACCGACGTGGTCATCCCCACCTTCGACGTCAAGCTTCTCCAGCCCACCATCTTCTCCA,ATCAGGAGCATGCTCGGCGAGACGAGGCTGTCCGACGCGCTCACCGACGTGGTCATCCCCACCTTCGACGTCAAGCTTCTCCAGCCCATCATCTTCTCCA,TAPLA12_Samp22_D,TAPLA12_D,0,0,1,2,0.08718395815170009,SNP
ATCAGGAGCGTGCTCGGCGAGACGAGGCTGTCCGACGCGCTCACCGACGTGGTCATCCCCACCTTCGACGTCAAGCTTCTCCAGCCCATCATCTTCTCCA,ATCAGGAGCATGCTCGGCGAGACGAGGCTGTCCGACGCGCTCACCGACGTGGTCATCCCCACCTTCGACGTCAAGCTTCTCCAGCCCATCATCTTCTCCA,TAPLA12_Samp22_D,TAPLA12_D,0,0,1,2,0.08718395815170009,SNP
ATCAGGGGCATGCTCGGCGAGACGAGGCTGTCCGACGCGCTCACCGACGTGGTCATCCCCACCTTCGACGTCAAGCTTCTCCAGCCCATCATCTTCTCCA,ATCAGGAGCATGCTCGGCGAGACGAGGCTGTCCGACGCGCTCACCGACGTGGTCATCCCCACCTTCGACGTCAAGCTTCTCCAGCCCATCATCTTCTCCA,TAPLA12_Samp22_D,TAPLA12_D,0,0,1,2,0.08718395815170009,SNP
ATCAGGAACATGCTCGGCGAGACGAGGCTGTCCGACGCGCTCACCGACGTGGTCATCCCCACCTTCGACGTCAAGCTTCTCCAGCCCATCATCTTCTCCA,ATCAGGAGCATGCTCGGCGAGACGAGGCTGTCCGACGCGCTCACCGACGTGGTCATCCCCACCTTCGACGTCAAGCTTCTCCAGCCCATCATCTTCTCCA,TAPLA12_Samp22_D,TAPLA12_D,0,0,1,2,0.08718395815170009,SNP
ATCAGGAGTATGCTCGGCGAGACGAGGCTGTCCGACGCGCTCACCGACGTGGTCATCCCCACCTTCGACGTCAAGCTTCTCCAGCCCATCATCTTCTCCA,ATCAGGAGCATGCTCGGCGAGACGAGGCTGTCCGACGCGCTCACCGACGTGGTCATCCCCACCTTCGACGTCAAGCTTCTCCAGCCCATCATCTTCTCCA,TAPLA12_Samp22_D,TAPLA12_D,0,0,1,2,0.08718395815170009,SNP
ATCAGGAGCATGCTCGGCGAGACGAGGCTGTCCGACGCGCTCACCGACGTGGTCATCCCCACATTCGACGTCAAGCTTCTCCAGCCCATCATCTTCTCCA,ATCAGGAGCATGCTCGGCGAGACGAGGCTGTCCGACGCGCTCACCGACGTGGTCATCCCCACCTTCGACGTCAAGCTTCTCCAGCCCATCATCTTCTCCA,TAPLA12_Samp22_D,TAPLA12_D,0,0,1,2,0.08718395815170009,SNP
ATCAGGAGCAAGCTCGGCGAGACGAGGCTGTCCGACGCGCTCACCGACGTGGTCATCCCCACCTTCGACGTCAAGCTTCTCCAGCCCATCATCTTCTCCA,ATCAGGAGCATGCTCGGCGAGACGAGGCTGTCCGACGCGCTCACCGACGTGGTCATCCCCACCTTCGACGTCAAGCTTCTCCAGCCCATCATCTTCTCCA,TAPLA12_Samp22_D,TAPLA12_D,0,0,1,2,0.08718395815170009,SNP
ATCAGGAGCATGCTCGGCGAGACGAGGCTGTCCGACGCGCTCACCGACGTGGTCATCCCCACCTTCGACGTCAAGCTTCTCCAGCCCATCATTTTCTCCA,ATCAGGAGCATGCTCGGCGAGACGAGGCTGTCCGACGCGCTCACCGACGTGGTCATCCCCACCTTCGACGTCAAGCTTCTCCAGCCCATCATCTTCTCCA,TAPLA12_Samp22_D,TAPLA12_D,0,0,1,2,0.08718395815170009,SNP
ATCAGGAGCATGCTCGGCGAGACGGGGCTGTCCGACGCGCTCACCGACGTGGTCATCCCCACCTTCGACGTCAAGCTTCTCCAGCCCATCATCTTCTCCA,ATCAGGAGCATGCTCGGCGAGACGAGGCTGTCCGACGCGCTCACCGACGTGGTCATCCCCACCTTCGACGTCAAGCTTCTCCAGCCCATCATCTTCTCCA,TAPLA12_Samp22_D,TAPLA12_D,0,0,1,1,0.043591979075850044,SNP
TTCAGGAGCATGCTCCGCGAG--GCCAGGCGGTCCGACGCGCTAACCGACGTGGTCATCCCCACCTTCGACGTCAAGCTTCTCCAGCCCATCATCTTCTCCA,ATCAGGAGCATGCTCGGCGAGACG--AGGCTGTCCGACGCGCTCACCGACGTGGTCATCCCCACCTTCGACGTCAAGCTTCTCCAGCCCATCATCTTCTCCA,TAPLA12_Samp22_D,TAPLA12_D,2,2,4,1,0.043591979075850044,3N
ATCAGGAGCATGCTCGGTGAGACGAGGCTGTCCGACGCGCTCACCGACGTGGTCATCCCCACCTTCGACGTCAAGCTTCTCCAGCCCATCATCTTCTCCA,ATCAGGAGCATGCTCGGCGAGACGAGGCTGTCCGACGCGCTCACCGACGTGGTCATCCCCACCTTCGACGTCAAGCTTCTCCAGCCCATCATCTTCTCCA,TAPLA12_Samp22_D,TAPLA12_D,0,0,1,1,0.043591979075850044,SNP
ATCAGGAGCATGCTCGGCGAGACGAGGCTGTCCGACGCGCTCACCGACGTGGTCATCCCCACCTTCGACGTCAAGCTTCTCCAGCCCATC-GTCTTCT---CCA,ATCAGGAGCATGCTCGGCGAGACGAGGCTGTCCGACGCGCTCACCGACGTGGTCATCCCCACCTTCGACGTCAAGCTTCTCCAGCCCATCA----TCTTCTCCA,TAPLA12_Samp22_D,TAPLA12_D,4,4,0,1,0.043591979075850044,3N
ATCAGGAGCATGCTCGGCGAGACGAGGCTGTCCGACGCGCTCACCGACGTGGTCATCCCCACCTTCGACGTCAAGCTTCT-CAGCCCATCATCTTCTCCA,ATCAGGAGCATGCTCGGCGAGACGAGGCTGTCCGACGCGCTCACCGACGTGGTCATCCCCACCTTCGACGTCAAGCTTCTCCAGCCCATCATCTTCTCCA,TAPLA12_Samp22_D,TAPLA12_D,1,0,0,1,0.043591979075850044,3N+2
ATCAGGAGCATGCTCGGCGAGACGAGGCTGTCCGACGCGCTCACCGACGTGGTCATCCCCACCTTCGACGTCAAGCTTCACCAGCCCATCATCTTCTCCA,ATCAGGAGCATGCTCGGCGAGACGAGGCTGTCCGACGCGCTCACCGACGTGGTCATCCCCACCTTCGACGTCAAGCTTCTCCAGCCCATCATCTTCTCCA,TAPLA12_Samp22_D,TAPLA12_D,0,0,1,1,0.043591979075850044,SNP
ATCAGGAGCATGCTCGGCGAGACGAGGCTGTCCGACGCGCTCACCGACGTGGTCCTCCCCACCTTCGACGTCAAGCTTCTCCAGCCCATCATCTTCTCCA,ATCAGGAGCATGCTCGGCGAGACGAGGCTGTCCGACGCGCTCACCGACGTGGTCATCCCCACCTTCGACGTCAAGCTTCTCCAGCCCATCATCTTCTCCA,TAPLA12_Samp22_D,TAPLA12_D,0,0,1,1,0.043591979075850044,SNP
ATCAGGAGCATGCTCGGCGAGACGAGGCTGTCCGACGCGCTCACCGACGTGGTCACCCCCACCTTCGACGTCAAGCTTCTCCAGCCCATCATCTTCTCCA,ATCAGGAGCATGCTCGGCGAGACGAGGCTGTCCGACGCGCTCACCGACGTGGTCATCCCCACCTTCGACGTCAAGCTTCTCCAGCCCATCATCTTCTCCA,TAPLA12_Samp22_D,TAPLA12_D,0,0,1,1,0.043591979075850044,SNP
ATCAGGAGCATGCTCGGCGAGACGAGGCTGTCCGACGCGCTCACCGACGTGGTCATCCCCACCTTCGACGTCAAGCGTCTCCAGCCCATCATCTTCTCCA,ATCAGGAGCATGCTCGGCGAGACGAGGCTGTCCGACGCGCTCACCGACGTGGTCATCCCCACCTTCGACGTCAAGCTTCTCCAGCCCATCATCTTCTCCA,TAPLA12_Samp22_D,TAPLA12_D,0,0,1,1,0.043591979075850044,SNP
ATCAGGAGCATGCTCAGCGAGACGAGGCTGTCCGACGCGCTCACCGACGTGGTCATCCCCACCTTCGACGTCAAGCTTCTCCAGCCCATCATCTTCTCCA,ATCAGGAGCATGCTCGGCGAGACGAGGCTGTCCGACGCGCTCACCGACGTGGTCATCCCCACCTTCGACGTCAAGCTTCTCCAGCCCATCATCTTCTCCA,TAPLA12_Samp22_D,TAPLA12_D,0,0,1,1,0.043591979075850044,SNP
ATCAGGAGCATGCTCGGCGAGACGAGGCTGTCCGACGCGCTCACCGACGTGGTCATCACCACCTTCGACGTCAAGCTTCTCCAGCCCATCATCTTCTCCA,ATCAGGAGCATGCTCGGCGAGACGAGGCTGTCCGACGCGCTCACCGACGTGGTCATCCCCACCTTCGACGTCAAGCTTCTCCAGCCCATCATCTTCTCCA,TAPLA12_Samp22_D,TAPLA12_D,0,0,1,1,0.043591979075850044,SNP
ACCAGGAGCATGCTCGGCGAGACGAGGCTGTCCGACGCGCTCACCGACGTGGTCATCCCCACCTTCGACGTCAAGCTTCTCCAGCCCATCATCTTCTCCA,ATCAGGAGCATGCTCGGCGAGACGAGGCTGTCCGACGCGCTCACCGACGTGGTCATCCCCACCTTCGACGTCAAGCTTCTCCAGCCCATCATCTTCTCCA,TAPLA12_Samp22_D,TAPLA12_D,0,0,1,1,0.043591979075850044,SNP
ATCAGGAGCATGCTCGGCGAGACGAGGCTGTCCGACGCGCTCACCGACGTGGTCATCCC-ACCTTCGACGTCAAGCTTCTCCAGCCCATCATCTTCTCCA,ATCAGGAGCATGCTCGGCGAGACGAGGCTGTCCGACGCGCTCACCGACGTGGTCATCCCCACCTTCGACGTCAAGCTTCTCCAGCCCATCATCTTCTCCA,TAPLA12_Samp22_D,TAPLA12_D,1,0,0,1,0.043591979075850044,3N+2
ATCAGGAGCATGCTCGGCGAGACGAGAC-----TGTCCGACGCGCTCACCGACGTGGTCATCCCCACCTTCGACGTCAAGCTTCTCCAGCCCATCATCTTCTCCA,ATCAGGAGCATGCTCGG-----CGAGACGAGGCTGTCCGACGCGCTCACCGACGTGGTCATCCCCACCTTCGACGTCAAGCTTCTCCAGCCCATCATCTTCTCCA,TAPLA12_Samp22_D,TAPLA12_D,5,5,0,1,0.043591979075850044,3N
ATCAGGAGCATGCTCGGCGAGACGAGGCTGTCCGACGCGCTCACCGACGTGGTCATCCCCACTTTCGACGTCAAGCTTCTCCAGCCCATCATCTTCTCCA,ATCAGGAGCATGCTCGGCGAGACGAGGCTGTCCGACGCGCTCACCGACGTGGTCATCCCCACCTTCGACGTCAAGCTTCTCCAGCCCATCATCTTCTCCA,TAPLA12_Samp22_D,TAPLA12_D,0,0,1,1,0.043591979075850044,SNP
ATCAGGAGCATGCTCGGCGAGACGAGGCTGTCCAACGCGCTCACCGACGTGGTCATCCCCACCTTCGACGTCAAGCTTCTCCAGCCCATCATCTTCTCCA,ATCAGGAGCATGCTCGGCGAGACGAGGCTGTCCGACGCGCTCACCGACGTGGTCATCCCCACCTTCGACGTCAAGCTTCTCCAGCCCATCATCTTCTCCA,TAPLA12_Samp22_D,TAPLA12_D,0,0,1,1,0.043591979075850044,SNP
ATCAGGAGCATGATCT--GCGATACGAGGCTGTCCGACGCGCTCACCGACGTGGTCATCCCCACCTTCGACGTCAAGCTTCTCCAGCCAATCATCTTCTCCA,ATCAGGAGCATG--CTCGGCGAGACGAGGCTGTCCGACGCGCTCACCGACGTGGTCATCCCCACCTTCGACGTCAAGCTTCTCCAGCCCATCATCTTCTCCA,TAPLA12_Samp22_D,TAPLA12_D,2,2,2,1,0.043591979075850044,3N
ATCTGGAGCATGCTCGGCGAGACGAGGCTGTCCGACGCGCTCACCGACGTGGTCATCCCCACCTTCGACGTCAAGCTTCTCCAGCCCATCATCTTCTCCA,ATCAGGAGCATGCTCGGCGAGACGAGGCTGTCCGACGCGCTCACCGACGTGGTCATCCCCACCTTCGACGTCAAGCTTCTCCAGCCCATCATCTTCTCCA,TAPLA12_Samp22_D,TAPLA12_D,0,0,1,1,0.043591979075850044,SNP
ATCAGGAGCATGCTCGGCGAGACGAGGCTGTCCGACGCGCTCACCGACGTGCTCATCCCCACCTTCGACGTCAAGCTTCTCCAGCCCATCATCTTCTCCA,ATCAGGAGCATGCTCGGCGAGACGAGGCTGTCCGACGCGCTCACCGACGTGGTCATCCCCACCTTCGACGTCAAGCTTCTCCAGCCCATCATCTTCTCCA,TAPLA12_Samp22_D,TAPLA12_D,0,0,1,1,0.043591979075850044,SNP
ATCAGGAGCATGCTCGGCGAGACGAGGCTGTCCGACGCGCTCACCGACGTGGTCATCCCCACCTTCGACGTCAAGCTTCTCCAGCCCATCATCATCTCCA,ATCAGGAGCATGCTCGGCGAGACGAGGCTGTCCGACGCGCTCACCGACGTGGTCATCCCCACCTTCGACGTCAAGCTTCTCCAGCCCATCATCTTCTCCA,TAPLA12_Samp22_D,TAPLA12_D,0,0,1,1,0.043591979075850044,SNP
ATCAGGAGCATGCTCGGCGAGACTAGGCTGTCCGACGCGCTCACCGACGTGGTCATCCCCACCTTCGACGTCAAGCTTCTCCAGCCCATCATCTTCTCCA,ATCAGGAGCATGCTCGGCGAGACGAGGCTGTCCGACGCGCTCACCGACGTGGTCATCCCCACCTTCGACGTCAAGCTTCTCCAGCCCATCATCTTCTCCA,TAPLA12_Samp22_D,TAPLA12_D,0,0,1,1,0.043591979075850044,SNP
ATCAGGAGCACGCTCGGCGAGACGAGGCTGTCCGACGCGCTCACCGACGTGGTCATCCCCACCTTCGACGTCAAGCTTCTCCAGCCCATCATCTTCTCCA,ATCAGGAGCATGCTCGGCGAGACGAGGCTGTCCGACGCGCTCACCGACGTGGTCATCCCCACCTTCGACGTCAAGCTTCTCCAGCCCATCATCTTCTCCA,TAPLA12_Samp22_D,TAPLA12_D,0,0,1,1,0.043591979075850044,SNP
ATCAGGAGCATGCTCGGCGAGACGAGGCTGTCCGACGCACTCACCGACGTCGTCATCCCCACCTTCGACGTCAAGCTTCTCCAGCCCATCATCTTCTCCA,ATCAGGAGCATGCTCGGCGAGACGAGGCTGTCCGACGCGCTCACCGACGTGGTCATCCCCACCTTCGACGTCAAGCTTCTCCAGCCCATCATCTTCTCCA,TAPLA12_Samp22_D,TAPLA12_D,0,0,2,1,0.043591979075850044,SNP
ATCAGGAGCATGCTCGGCGAGACGAGGCTGTCCGACGCGCTCACCGACGTGGTCATCCACACCTTCGACGTCAAGCTTCTCCAGCCCATCATCTTCTCCA,ATCAGGAGCATGCTCGGCGAGACGAGGCTGTCCGACGCGCTCACCGACGTGGTCATCCCCACCTTCGACGTCAAGCTTCTCCAGCCCATCATCTTCTCCA,TAPLA12_Samp22_D,TAPLA12_D,0,0,1,1,0.043591979075850044,SNP
ATCAGGAGCATGCTCGGCGAGACGAGGCTGTCCGACGCGCCCACCGACGTGGTCATCCCCACCTTCGACGTCAAGCTTCTCCAGCCCATCATCTTCTCCA,ATCAGGAGCATGCTCGGCGAGACGAGGCTGTCCGACGCGCTCACCGACGTGGTCATCCCCACCTTCGACGTCAAGCTTCTCCAGCCCATCATCTTCTCCA,TAPLA12_Samp22_D,TAPLA12_D,0,0,1,1,0.043591979075850044,SNP
ATCAGGAGCATGCTCGGCGAGACGAGGCTGTACGACGCGCTCACCGACGTGGTCATCCCCACCTTCGACGTCAAGCTTCTCCAGCCAATCATCTTCTCCA,ATCAGGAGCATGCTCGGCGAGACGAGGCTGTCCGACGCGCTCACCGACGTGGTCATCCCCACCTTCGACGTCAAGCTTCTCCAGCCCATCATCTTCTCCA,TAPLA12_Samp22_D,TAPLA12_D,0,0,2,1,0.043591979075850044,SNP
ATCAGGAGCATGCTCGGCGAGACGAGGCTGTCCGACGCGCTCACCGACGCGGTCATCCCCACCTTCGACGTCAAGCTTCTCCAGCCCATCATCTTCTCCA,ATCAGGAGCATGCTCGGCGAGACGAGGCTGTCCGACGCGCTCACCGACGTGGTCATCCCCACCTTCGACGTCAAGCTTCTCCAGCCCATCATCTTCTCCA,TAPLA12_Samp22_D,TAPLA12_D,0,0,1,1,0.043591979075850044,SNP
ATCAGGAGCATGCTCGGCGAGACGAGGCTGTCCGACGCGCTCACCGACGTGGACATCCCCACCTTCGACGTCAAGCTTCTCCAGCCCATCATCTTCTCCA,ATCAGGAGCATGCTCGGCGAGACGAGGCTGTCCGACGCGCTCACCGACGTGGTCATCCCCACCTTCGACGTCAAGCTTCTCCAGCCCATCATCTTCTCCA,TAPLA12_Samp22_D,TAPLA12_D,0,0,1,1,0.043591979075850044,SNP
ATCAGGAGCATGCTCGGCGAGACGAGGCTGTCCGACGCGCTCACCGACGTGGTCATCCCCACCTTCAACGTCAAGCTTCTCCAGCCCATCATCTTCTC-AA,ATCAGGAGCATGCTCGGCGAGACGAGGCTGTCCGACGCGCTCACCGACGTGGTCATCCCCACCTTCGACGTCAAGCTTCTCCAGCCCATCATCTTCTCCA-,TAPLA12_Samp22_D,TAPLA12_D,1,0,1,1,0.043591979075850044,3N+2
ATCAGGAGCATGCTCGGCGAGACGAGGCTGTGCGACGCGCTCACCGACGTCATCATCCCCACCTTCGACGTCAAGCTTCTCCAGCCCATCATCTTCTCCA,ATCAGGAGCATGCTCGGCGAGACGAGGCTGTCCGACGCGCTCACCGACGTGGTCATCCCCACCTTCGACGTCAAGCTTCTCCAGCCCATCATCTTCTCCA,TAPLA12_Samp22_D,TAPLA12_D,0,0,3,1,0.043591979075850044,SNP
ATGAGGAACTGGACCAAGGAGGAGTTCGTG,ATGAGGAACTGGACCAAGGAGGAGTTCGTG,TAQ_Samp22_A,TAQ_A,0,0,0,4397,99.23267885353194,WT
ATGAGGAACTGGACCAAGGAGGAGTTCGTA,ATGAGGAACTGGACCAAGGAGGAGTTCGTG,TAQ_Samp22_A,TAQ_A,0,0,1,3,0.06770480704129993,SNP
ATGAGGGACTGGACCAAGGAGGAGTTCGTG,ATGAGGAACTGGACCAAGGAGGAGTTCGTG,TAQ_Samp22_A,TAQ_A,0,0,1,3,0.06770480704129993,SNP
ATGAGGAACTGGACCAAGGAGGAGATCGTG,ATGAGGAACTGGACCAAGGAGGAGTTCGTG,TAQ_Samp22_A,TAQ_A,0,0,1,2,0.045136538027533285,SNP
ATGAGGAACTGGACCAAGGAGGAATTCGTG,ATGAGGAACTGGACCAAGGAGGAGTTCGTG,TAQ_Samp22_A,TAQ_A,0,0,1,2,0.045136538027533285,SNP
ATGAGGACCTGGACCAAGGAGGAGTTCGTG,ATGAGGAACTGGACCAAGGAGGAGTTCGTG,TAQ_Samp22_A,TAQ_A,0,0,1,1,0.022568269013766643,SNP
ATGATGAACTGGACCAAGGAGGAGTTCGTA,ATGAGGAACTGGACCAAGGAGGAGTTCGTG,TAQ_Samp22_A,TAQ_A,0,0,2,1,0.022568269013766643,SNP
ATGAGGAACTGGACCAAGGAGGAGTTCGCG,ATGAGGAACTGGACCAAGGAGGAGTTCGTG,TAQ_Samp22_A,TAQ_A,0,0,1,1,0.022568269013766643,SNP
ATGAGGAACTGGACCAAGGAGGAGTTAGTG,ATGAGGAACTGGACCAAGGAGGAGTTCGTG,TAQ_Samp22_A,TAQ_A,0,0,1,1,0.022568269013766643,SNP
ATGAGGAACTTGACCAAGGAGGAGTTCGTG,ATGAGGAACTGGACCAAGGAGGAGTTCGTG,TAQ_Samp22_A,TAQ_A,0,0,1,1,0.022568269013766643,SNP
ATGAGGAACTGGAACAAGGAGGAGTTCGTG,ATGAGGAACTGGACCAAGGAGGAGTTCGTG,TAQ_Samp22_A,TAQ_A,0,0,1,1,0.022568269013766643,SNP
ACGAGGAACTGGACCAAGGAGGAGTTCGTG,ATGAGGAACTGGACCAAGGAGGAGTTCGTG,TAQ_Samp22_A,TAQ_A,0,0,1,1,0.022568269013766643,SNP
ATGAAGAACTGGACCAAGGAGGAGTTCGTG,ATGAGGAACTGGACCAAGGAGGAGTTCGTG,TAQ_Samp22_A,TAQ_A,0,0,1,1,0.022568269013766643,SNP
ATGAGGAACTGGACCAAGGAGGAGTTTGTG,ATGAGGAACTGGACCAAGGAGGAGTTCGTG,TAQ_Samp22_A,TAQ_A,0,0,1,1,0.022568269013766643,SNP
ATGAGGAACTGGACCAAGGAGGAGTTCGGG,ATGAGGAACTGGACCAAGGAGGAGTTCGTG,TAQ_Samp22_A,TAQ_A,0,0,1,1,0.022568269013766643,SNP
ATGAGGAACTGGACCAAGGAGGAGTCCGTG,ATGAGGAACTGGACCAAGGAGGAGTTCGTG,TAQ_Samp22_A,TAQ_A,0,0,1,1,0.022568269013766643,SNP
ATGGGGAACTGGACCAAGGAGGAGTTCGTG,ATGAGGAACTGGACCAAGGAGGAGTTCGTG,TAQ_Samp22_A,TAQ_A,0,0,1,1,0.022568269013766643,SNP
ATGAGGAACTGGACC-AGGAGGAGTTCGTG,ATGAGGAACTGGACCAAGGAGGAGTTCGTG,TAQ_Samp22_A,TAQ_A,1,0,0,1,0.022568269013766643,3N+2
ATGAGGAACTGTACCAAGGAGGAGTTCGTG,ATGAGGAACTGGACCAAGGAGGAGTTCGTG,TAQ_Samp22_A,TAQ_A,0,0,1,1,0.022568269013766643,SNP
ATGAGGAACCGGACCAAGGAGGAGTTCGTG,ATGAGGAACTGGACCAAGGAGGAGTTCGTG,TAQ_Samp22_A,TAQ_A,0,0,1,1,0.022568269013766643,SNP
ATGAGGAACTGGACCAAGGAGTAGTTCGTG,ATGAGGAACTGGACCAAGGAGGAGTTCGTG,TAQ_Samp22_A,TAQ_A,0,0,1,1,0.022568269013766643,SNP_STOP
ATGAGGAACTGGACCAAGGGGGAGTTCGTG,ATGAGGAACTGGACCAAGGAGGAGTTCGTG,TAQ_Samp22_A,TAQ_A,0,0,1,1,0.022568269013766643,SNP
ATGAGGAACTGGACCATGGAGGAGTTCGTG,ATGAGGAACTGGACCAAGGAGGAGTTCGTG,TAQ_Samp22_A,TAQ_A,0,0,1,1,0.022568269013766643,SNP
ATGAGGAACTGGACCAAGGAGGGGTTCGTG,ATGAGGAACTGGACCAAGGAGGAGTTCGTG,TAQ_Samp22_A,TAQ_A,0,0,1,1,0.022568269013766643,SNP
ATGAGGAACTGGACCAAGGTGGAGTTCGTG,ATGAGGAACTGGACCAAGGAGGAGTTCGTG,TAQ_Samp22_A,TAQ_A,0,0,1,1,0.022568269013766643,SNP
ATGAGGAACTGGGCCAAGGAGGAGTTCGTG,ATGAGGAACTGGACCAAGGAGGAGTTCGTG,TAQ_Samp22_A,TAQ_A,0,0,1,1,0.022568269013766643,SNP
ATGAGGAACTGGACCAAGGAGGTGTTCGTG,ATGAGGAACTGGACCAAGGAGGAGTTCGTG,TAQ_Samp22_A,TAQ_A,0,0,1,1,0.022568269013766643,SNP
ATTAGGAACTGGACCAAGGAGGAGTTCGTG,ATGAGGAACTGGACCAAGGAGGAGTTCGTG,TAQ_Samp22_A,TAQ_A,0,0,1,1,0.022568269013766643,SNP
ATGAGTAACTGGACCAAGGAGGAATTCGTG,ATGAGGAACTGGACCAAGGAGGAGTTCGTG,TAQ_Samp22_A,TAQ_A,0,0,2,1,0.022568269013766643,SNP
ATGAGGAACTGGACCAAGGAGGAGTTCGTG,ATGAGGAACTGGACCAAGGAGGAGTTCGTG,TAQ_Samp22_B,TAQ_B,0,0,0,4714,99.2421052631579,WT
ATGAGGACCTGGACCAAGGAGGAGTTCGTG,ATGAGGAACTGGACCAAGGAGGAGTTCGTG,TAQ_Samp22_B,TAQ_B,0,0,1,8,0.16842105263157894,SNP
ATGGGGAACTGGACCAAGGAGGAGTTCGTG,ATGAGGAACTGGACCAAGGAGGAGTTCGTG,TAQ_Samp22_B,TAQ_B,0,0,1,3,0.06315789473684211,SNP
ATGAGGAACTGGACCAATGAGGAGTTCGTG,ATGAGGAACTGGACCAAGGAGGAGTTCGTG,TAQ_Samp22_B,TAQ_B,0,0,1,2,0.042105263157894736,SNP
ATGAGGAACTGGACCGAGGAGGAGTTCGTG,ATGAGGAACTGGACCAAGGAGGAGTTCGTG,TAQ_Samp22_B,TAQ_B,0,0,1,2,0.042105263157894736,SNP
ATGAGAAACTGGACCAAGGAGGAGTTCGTG,ATGAGGAACTGGACCAAGGAGGAGTTCGTG,TAQ_Samp22_B,TAQ_B,0,0,1,2,0.042105263157894736,SNP
ATGAGGAACTGGACCAAGGAGGAGTTCATG--,ATGAGGAACTGGACCAAGGAGGAGTTC--GTG,TAQ_Samp22_B,TAQ_B,1,2,0,2,0.042105263157894736,3N+1
ATGAGGAACCGGACCAAGGAGGAGTTCGTG,ATGAGGAACTGGACCAAGGAGGAGTTCGTG,TAQ_Samp22_B,TAQ_B,0,0,1,1,0.021052631578947368,SNP
ATGAGGAACTGGACCAAGGAAGAGTTCGTG,ATGAGGAACTGGACCAAGGAGGAGTTCGTG,TAQ_Samp22_B,TAQ_B,0,0,1,1,0.021052631578947368,SNP
ATGAGGAGCTGGACCAAGGAGGAGTTCGTG,ATGAGGAACTGGACCAAGGAGGAGTTCGTG,TAQ_Samp22_B,TAQ_B,0,0,1,1,0.021052631578947368,SNP
ATGAGGAACAGGACCAAGGAGGAGTTCGTG,ATGAGGAACTGGACCAAGGAGGAGTTCGTG,TAQ_Samp22_B,TAQ_B,0,0,1,1,0.021052631578947368,SNP
ATGAGGAACTAGACCAAGGAGGAGTTCGTG,ATGAGGAACTGGACCAAGGAGGAGTTCGTG,TAQ_Samp22_B,TAQ_B,0,0,1,1,0.021052631578947368,SNP_STOP
ATGAGGAACTGGACCAAGGAGGGGTTCGTG,ATGAGGAACTGGACCAAGGAGGAGTTCGTG,TAQ_Samp22_B,TAQ_B,0,0,1,1,0.021052631578947368,SNP
ATCAGGAACTGGACCAAGGAGGAGTTCGTG,ATGAGGAACTGGACCAAGGAGGAGTTCGTG,TAQ_Samp22_B,TAQ_B,0,0,1,1,0.021052631578947368,SNP
ATGAGGAACTGGAACAAGGAGGAGTTCGTG,ATGAGGAACTGGACCAAGGAGGAGTTCGTG,TAQ_Samp22_B,TAQ_B,0,0,1,1,0.021052631578947368,SNP
ATGAGGAACTGGACAAAGGAGGAGTTCGTG,ATGAGGAACTGGACCAAGGAGGAGTTCGTG,TAQ_Samp22_B,TAQ_B,0,0,1,1,0.021052631578947368,SNP
ATGAGGAACTGGACCAAGTAGGAGTTCGTG,ATGAGGAACTGGACCAAGGAGGAGTTCGTG,TAQ_Samp22_B,TAQ_B,0,0,1,1,0.021052631578947368,SNP_STOP
ATGAGGAACTGAACCAAGGAGGAGTTCGTG,ATGAGGAACTGGACCAAGGAGGAGTTCGTG,TAQ_Samp22_B,TAQ_B,0,0,1,1,0.021052631578947368,SNP_STOP
ATGAGTAACTGGACCAAGGAGGAGTTCGTG,ATGAGGAACTGGACCAAGGAGGAGTTCGTG,TAQ_Samp22_B,TAQ_B,0,0,1,1,0.021052631578947368,SNP
ATGAGGAACTGGACCAAGGAGGAGTTCG-GG,ATGAGGAACTGGACCAAGGAGGAGTTCGTG-,TAQ_Samp22_B,TAQ_B,1,0,0,1,0.021052631578947368,3N+2
ATGAGGAACTGGACTAAGGAGGAGTTCGTG,ATGAGGAACTGGACCAAGGAGGAGTTCGTG,TAQ_Samp22_B,TAQ_B,0,0,1,1,0.021052631578947368,SNP
ATGAGGAACTGGACCAAGGAGGAGTTCTTG,ATGAGGAACTGGACCAAGGAGGAGTTCGTG,TAQ_Samp22_B,TAQ_B,0,0,1,1,0.021052631578947368,SNP
ATGAGGAACTGGGCCAAGGAGGAGTTCGTG,ATGAGGAACTGGACCAAGGAGGAGTTCGTG,TAQ_Samp22_B,TAQ_B,0,0,1,1,0.021052631578947368,SNP
ATGAGGAACTGGACCAGGGAGGAGTTCGTG,ATGAGGAACTGGACCAAGGAGGAGTTCGTG,TAQ_Samp22_B,TAQ_B,0,0,1,1,0.021052631578947368,SNP
ATGAGGAACTGGACCAAGGAGGAGTTCGTG,ATGAGGAACTGGACCAAGGAGGAGTTCGTG,TAQ_Samp22_D,TAQ_D,0,0,0,4862,98.8211382113821,WT
ATGAT---GAACTGGACCAAGGAGGAGTTCGTG,---ATGAGGAACTGGACCAAGGAGGAGTTCGTG,TAQ_Samp22_D,TAQ_D,3,0,0,11,0.22357723577235775,3N
ATGAGGAACTGGACCAATGAGGAG---TTCGTG,ATGAGGAACTGGACCAA---GGAGGAGTTCGTG,TAQ_Samp22_D,TAQ_D,3,3,0,4,0.08130081300813008,3N
ATGAGGAACTGGACCAAGGAGGGGTTCGTG,ATGAGGAACTGGACCAAGGAGGAGTTCGTG,TAQ_Samp22_D,TAQ_D,0,0,1,4,0.08130081300813008,SNP
ATGAGGAACTGGAACAAGGAGGAGTTCGTG,ATGAGGAACTGGACCAAGGAGGAGTTCGTG,TAQ_Samp22_D,TAQ_D,0,0,1,3,0.06097560975609756,SNP
ATGAGGAACTGGACCAAGGAGGAGTCCGTG,ATGAGGAACTGGACCAAGGAGGAGTTCGTG,TAQ_Samp22_D,TAQ_D,0,0,1,2,0.04065040650406504,SNP
ATGAGGAACTTGACCAAGGAGGAGTTCGTG,ATGAGGAACTGGACCAAGGAGGAGTTCGTG,TAQ_Samp22_D,TAQ_D,0,0,1,2,0.04065040650406504,SNP
ATGAGGAACTGGACC-AGGAGGAGTTCGTG,ATGAGGAACTGGACCAAGGAGGAGTTCGTG,TAQ_Samp22_D,TAQ_D,1,0,0,2,0.04065040650406504,3N+2
ATGAGGAACTGGGCCAAGGAGGAGTTCGTG,ATGAGGAACTGGACCAAGGAGGAGTTCGTG,TAQ_Samp22_D,TAQ_D,0,0,1,2,0.04065040650406504,SNP
ATGAGGAACTGGACCAAGGAGGAGTTAGTG,ATGAGGAACTGGACCAAGGAGGAGTTCGTG,TAQ_Samp22_D,TAQ_D,0,0,1,2,0.04065040650406504,SNP
ATGAGGAGCTGGACCAAGGAGGAGTTCGTG,ATGAGGAACTGGACCAAGGAGGAGTTCGTG,TAQ_Samp22_D,TAQ_D,0,0,1,2,0.04065040650406504,SNP
ATGAGGAACTGGATCAAGGAGGAGTTCGTG,ATGAGGAACTGGACCAAGGAGGAGTTCGTG,TAQ_Samp22_D,TAQ_D,0,0,1,2,0.04065040650406504,SNP
ATTAT---GAACTGGACCAAGGAGGAGTTCGTG,---ATGAGGAACTGGACCAAGGAGGAGTTCGTG,TAQ_Samp22_D,TAQ_D,3,0,0,1,0.02032520325203252,3N
ATGAGGGACTGGACCAAGGAGGAGTTCGTG,ATGAGGAACTGGACCAAGGAGGAGTTCGTG,TAQ_Samp22_D,TAQ_D,0,0,1,1,0.02032520325203252,SNP
ACGAGGAACTGGACCAAGGAGGAGTTCGTG,ATGAGGAACTGGACCAAGGAGGAGTTCGTG,TAQ_Samp22_D,TAQ_D,0,0,1,1,0.02032520325203252,SNP
ATGAGGAACTGGACCAAGGAGGAGTTC-TTG,ATGAGGAACTGGACCAAGGAGGAGTTCGT-G,TAQ_Samp22_D,TAQ_D,1,1,0,1,0.02032520325203252,3N
ATGAGGAACTGGACCAAGGAGGAGCTCGTG,ATGAGGAACTGGACCAAGGAGGAGTTCGTG,TAQ_Samp22_D,TAQ_D,0,0,1,1,0.02032520325203252,SNP
ATGAGGAACTGGACCGAGGAGGAGTTCGTG,ATGAGGAACTGGACCAAGGAGGAGTTCGTG,TAQ_Samp22_D,TAQ_D,0,0,1,1,0.02032520325203252,SNP
ATGAGGAACTGGACAAAGGAGGAGTTCGTG,ATGAGGAACTGGACCAAGGAGGAGTTCGTG,TAQ_Samp22_D,TAQ_D,0,0,1,1,0.02032520325203252,SNP
ATGAGGAACTGGACCAAGGAGGTGTTCGTG,ATGAGGAACTGGACCAAGGAGGAGTTCGTG,TAQ_Samp22_D,TAQ_D,0,0,1,1,0.02032520325203252,SNP
ATGAGGAACTGGACCAAGGACGAGTTCGTG,ATGAGGAACTGGACCAAGGAGGAGTTCGTG,TAQ_Samp22_D,TAQ_D,0,0,1,1,0.02032520325203252,SNP
ATCAGGAACTGGACCAAGGAGGAGTTCGTG,ATGAGGAACTGGACCAAGGAGGAGTTCGTG,TAQ_Samp22_D,TAQ_D,0,0,1,1,0.02032520325203252,SNP
ATGAGGAACTGGACCAAGAAGGAGTTCGTG,ATGAGGAACTGGACCAAGGAGGAGTTCGTG,TAQ_Samp22_D,TAQ_D,0,0,1,1,0.02032520325203252,SNP
ATGAGGACCTGGACCAAGGAGGAGTTCGTG,ATGAGGAACTGGACCAAGGAGGAGTTCGTG,TAQ_Samp22_D,TAQ_D,0,0,1,1,0.02032520325203252,SNP
ATGAGGAACTGGACCAAGGGGGAGTTCGTG,ATGAGGAACTGGACCAAGGAGGAGTTCGTG,TAQ_Samp22_D,TAQ_D,0,0,1,1,0.02032520325203252,SNP
ATGAGGAACTGGACCAAGGAGGAGTTCATG,ATGAGGAACTGGACCAAGGAGGAGTTCGTG,TAQ_Samp22_D,TAQ_D,0,0,1,1,0.02032520325203252,SNP
ATGAGGAACAGGACCAAGGAGGAGTTCGTG,ATGAGGAACTGGACCAAGGAGGAGTTCGTG,TAQ_Samp22_D,TAQ_D,0,0,1,1,0.02032520325203252,SNP
ATGAGGAACTGGACCAAGGAGGAGTT--TGTG,ATGAGGAACTGGACCAAGGAGGAGTTCGTG--,TAQ_Samp22_D,TAQ_D,2,0,0,1,0.02032520325203252,3N+1
ATGAGGAACTGGACCAAGGAGTAGTTCGTG,ATGAGGAACTGGACCAAGGAGGAGTTCGTG,TAQ_Samp22_D,TAQ_D,0,0,1,1,0.02032520325203252,SNP_STOP
ATGAGGAACTGGACCAAGGCGGAGTTCGTG,ATGAGGAACTGGACCAAGGAGGAGTTCGTG,TAQ_Samp22_D,TAQ_D,0,0,1,1,0.02032520325203252,SNP
ATGAGGAACCGGACCAAGGAGGAGTTCGTG,ATGAGGAACTGGACCAAGGAGGAGTTCGTG,TAQ_Samp22_D,TAQ_D,0,0,1,1,0.02032520325203252,SNP
ATGAGGAACTG-----------AGTTCGTG,ATGAGGAACTGGACCAAGGAGGAGTTCGTG,TAQ_Samp22_D,TAQ_D,11,0,0,1,0.02032520325203252,3N+1
ATGAGGAACTGGACCAAGGAGGATTTCGTG,ATGAGGAACTGGACCAAGGAGGAGTTCGTG,TAQ_Samp22_D,TAQ_D,0,0,1,1,0.02032520325203252,SNP
ATGGGGAACTGGACCAAGGAGGAGTTCGTG,ATGAGGAACTGGACCAAGGAGGAGTTCGTG,TAQ_Samp22_D,TAQ_D,0,0,1,1,0.02032520325203252,SNP
