Aligned_Sequence,Reference_Sequence,lib_name,Reference_Name,Read_Status,n_deleted,n_inserted,n_mutated,#Reads,%Reads,Desired
CTAGCTCGAGCCCCCACACCACCAAACGCCAAAAGACAAATCCCACCCGCCACCACTAAACCCCAAGGCCCACGTGGCGTCATCTGCTCCCTTTATTACCCCCACTTCTCCCGTAACTGATAACCCGGAGCCACTACCACACGCAGACAAGAAGCGAACACA,CTAGCTCGAGCCCCCACACCACCAAACGCCAAAAGACAAATCCCACCCGCCACCACTAAACCCCAAGGCCCACGTGGCGTCATCTGCTCCCTTTATTACCCCCACTTCTCCCGTAACTGATAACCCGGAGCCACTACCACACGCAGACAAGAAGCGAACACA,TAHPPDUTR1A_1_6A,TAHPPDUTR1A_6A,UNMODIFIED,0,0,0,5686,75.2116402116402,N
CTAGCTCGAGCCCCCACACCACCAAACGCCAAAAGACAAATCCCACCCGCCACCACTAAACCCCAAGGCCCACGTGGCGTCATCTGCTCCCTTTATTACCCCCACTTCTCCCGTAACTGATAACCCGGAGCCACTACTACACGCAGACAAGAAGCGAACACA,CTAGCTCGAGCCCCCACACCACCAAACGCCAAAAGACAAATCCCACCCGCCACCACTAAACCCCAAGGCCCACGTGGCGTCATCTGCTCCCTTTATTACCCCCACTTCTCCCGTAACTGATAACCCGGAGCCACTACCACACGCAGACAAGAAGCGAACACA,TAHPPDUTR1A_1_6A,TAHPPDUTR1A_6A,MODIFIED,0,0,1,88,1.164021164021164,Y
CTAGCTCGAGCCCCCACACCACCAAACGCCAAAAGACAAATCCCACCCGCCACCACTAAACCCCAAGGCCCACGTGGCGTCATCTGCTCCCTTTATTACCCCCACTTCTCCCGTAACTGATAACCCGGAGTCACTACCACACGCAGACAAGAAGCGAACACA,CTAGCTCGAGCCCCCACACCACCAAACGCCAAAAGACAAATCCCACCCGCCACCACTAAACCCCAAGGCCCACGTGGCGTCATCTGCTCCCTTTATTACCCCCACTTCTCCCGTAACTGATAACCCGGAGCCACTACCACACGCAGACAAGAAGCGAACACA,TAHPPDUTR1A_1_6A,TAHPPDUTR1A_6A,MODIFIED,0,0,1,66,0.873015873015873,N
CTAGCTCGAGCCCCCACACCACCAAACGCCAAAAGACAAATCCCACCCGCCACCACTAAACCCCAAGGCCCACGTGGCGCCATCTGCTCCCTTTATTACCCCCACTTCTCCCGTAACTGATAACCCGGAGCCACTACCACACGCAGACAAGAAGCGAACACA,CTAGCTCGAGCCCCCACACCACCAAACGCCAAAAGACAAATCCCACCCGCCACCACTAAACCCCAAGGCCCACGTGGCGTCATCTGCTCCCTTTATTACCCCCACTTCTCCCGTAACTGATAACCCGGAGCCACTACCACACGCAGACAAGAAGCGAACACA,TAHPPDUTR1A_1_6A,TAHPPDUTR1A_6A,MODIFIED,0,0,1,32,0.4232804232804233,N
CTAGCTCGAGCCCCCACACCACCAAACGCCAAAAGACAAATCCCACCCGCCACCACTAAACCCCAAGGCCCACGTGGCGTCATCTGCTCCCTTTATTACCCCCACTTCTCCCGTAACTGATAGCCCGGAGCCACTACCACACGCAGACAAGAAGCGAACACA,CTAGCTCGAGCCCCCACACCACCAAACGCCAAAAGACAAATCCCACCCGCCACCACTAAACCCCAAGGCCCACGTGGCGTCATCTGCTCCCTTTATTACCCCCACTTCTCCCGTAACTGATAACCCGGAGCCACTACCACACGCAGACAAGAAGCGAACACA,TAHPPDUTR1A_1_6A,TAHPPDUTR1A_6A,MODIFIED,0,0,1,30,0.3968253968253968,N
CTAGCTCGAGCCCCCACACCACCAAACGCCAAAAGACAAATCCCACCCGCCACCACTAAACCCCAAGGCCCACGTGGCGTCATCTGCTCCCTTTATTACCCCCACTTCTCCCGTAACTGATAACCCGGAGCCACTACCACACGCAGGCAAGAAGCGAACACA,CTAGCTCGAGCCCCCACACCACCAAACGCCAAAAGACAAATCCCACCCGCCACCACTAAACCCCAAGGCCCACGTGGCGTCATCTGCTCCCTTTATTACCCCCACTTCTCCCGTAACTGATAACCCGGAGCCACTACCACACGCAGACAAGAAGCGAACACA,TAHPPDUTR1A_1_6A,TAHPPDUTR1A_6A,MODIFIED,0,0,1,29,0.3835978835978836,N
CTAGCTCGAGCCCCCACACCACCAAACGCCAAAGGACAAATCCCACCCGCCACCACTAAACCCCAAGGCCCACGTGGCGTCATCTGCTCCCTTTATTACCCCCACTTCTCCCGTAACTGATAACCCGGAGCCACTACCACACGCAGACAAGAAGCGAACACA,CTAGCTCGAGCCCCCACACCACCAAACGCCAAAAGACAAATCCCACCCGCCACCACTAAACCCCAAGGCCCACGTGGCGTCATCTGCTCCCTTTATTACCCCCACTTCTCCCGTAACTGATAACCCGGAGCCACTACCACACGCAGACAAGAAGCGAACACA,TAHPPDUTR1A_1_6A,TAHPPDUTR1A_6A,MODIFIED,0,0,1,25,0.3306878306878307,N
CTAGCTCGAGCCCCCACACCACCAAACGCCAAAAGACAAATCCCACCCGCCACCACTAAACCCCAAGGCCCACGTGGCGTCATCTGCTCCCTTTATTACCCCCACTCCTCCCGTAACTGATAACCCGGAGCCACTACCACACGCAGACAAGAAGCGAACACA,CTAGCTCGAGCCCCCACACCACCAAACGCCAAAAGACAAATCCCACCCGCCACCACTAAACCCCAAGGCCCACGTGGCGTCATCTGCTCCCTTTATTACCCCCACTTCTCCCGTAACTGATAACCCGGAGCCACTACCACACGCAGACAAGAAGCGAACACA,TAHPPDUTR1A_1_6A,TAHPPDUTR1A_6A,MODIFIED,0,0,1,24,0.31746031746031744,N
CTAGCTCGAGCCCCCACACCACCAAACGCCAAAAGACAAATCCCACCCGCCACCACTAAACCCCAAGGCCCACGTGGCGTCATCTGCTCCCTTTATTACCCCCACTTCTCCCGTAACTGATGACCCGGAGCCACTACCACACGCAGACAAGAAGCGAACACA,CTAGCTCGAGCCCCCACACCACCAAACGCCAAAAGACAAATCCCACCCGCCACCACTAAACCCCAAGGCCCACGTGGCGTCATCTGCTCCCTTTATTACCCCCACTTCTCCCGTAACTGATAACCCGGAGCCACTACCACACGCAGACAAGAAGCGAACACA,TAHPPDUTR1A_1_6A,TAHPPDUTR1A_6A,MODIFIED,0,0,1,21,0.2777777777777778,N
CTAGCTCGAGCCCCCACACCACCAAACGCCAAAAGACAAATCCCACCCGCCACCACTAAACCCCAAGGCCCACGTGGCGTCATCTGCTCCCTTTATTACCCCCACTTCTCCCGTAACTGATAACCCGGAGCCACTACCACACGCGGACAAGAAGCGAACACA,CTAGCTCGAGCCCCCACACCACCAAACGCCAAAAGACAAATCCCACCCGCCACCACTAAACCCCAAGGCCCACGTGGCGTCATCTGCTCCCTTTATTACCCCCACTTCTCCCGTAACTGATAACCCGGAGCCACTACCACACGCAGACAAGAAGCGAACACA,TAHPPDUTR1A_1_6A,TAHPPDUTR1A_6A,MODIFIED,0,0,1,21,0.2777777777777778,N


CTAGCTCGAGCCCCCACACCACCAAACGCCAAAAGACAAATCCCACCCGCCACCACTAAACCCCAAGGCCCACGTGGCGTCATCTGCTCCCTTTATTACCCCCACTTCTCCCGTAACTGATAACCCGGAGCCACTACCACACGCAGACAAGAAGCGAACACA,CTAGCTCGAGCCCCCACACCACCAAACGCCAAAAGACAAATCCCACCCGCCACCACTAAACCCCAAGGCCCACGTGGCGTCATCTGCTCCCTTTATTACCCCCACTTCTCCCGTAACTGATAACCCGGAGCCACTACCACACGCAGACAAGAAGCGAACACA,TAHPPDUTR1A_2_6A,TAHPPDUTR1A_6A,UNMODIFIED,0,0,0,18217,72.30115891411334,N
CTAGCTCGAGCCCCCACACCACCAAACGCCAAAAGACAAATCCCACCCGCCACCACTAAACCCCAAGGCCCACGTGGCGTCATCTGCTCCCTTTATTACCCCCACTTCCCCCGTAACTGATAACCCGGAGCCACTACCACACGCAGACAAGAAGCGAACACA,CTAGCTCGAGCCCCCACACCACCAAACGCCAAAAGACAAATCCCACCCGCCACCACTAAACCCCAAGGCCCACGTGGCGTCATCTGCTCCCTTTATTACCCCCACTTCTCCCGTAACTGATAACCCGGAGCCACTACCACACGCAGACAAGAAGCGAACACA,TAHPPDUTR1A_2_6A,TAHPPDUTR1A_6A,MODIFIED,0,0,1,630,2.5003968883949836,N
CTAGCTCGAGCCCCCACACCACCAAACGCCAAAAGGCAAATCCCACCCGCCACCACTAAACCCCAAGGCCCACGTGGCGTCATCTGCTCCCTTTATTACCCCCACTTCTCCCGTAACTGATAACCCGGAGCCACTACCACACGCAGACAAGAAGCGAACACA,CTAGCTCGAGCCCCCACACCACCAAACGCCAAAAGACAAATCCCACCCGCCACCACTAAACCCCAAGGCCCACGTGGCGTCATCTGCTCCCTTTATTACCCCCACTTCTCCCGTAACTGATAACCCGGAGCCACTACCACACGCAGACAAGAAGCGAACACA,TAHPPDUTR1A_2_6A,TAHPPDUTR1A_6A,MODIFIED,0,0,1,296,1.1747896491506589,Y
CTAGCTCGAGCCCCCACACCACCAAACGCCAAAAGACAAATCCCACCCGCCACCACTAAACCCCAAGGCCCACGTGGCGTCATCTGCTCCCCTTATTACCCCCACTTCTCCCGTAACTGATAACCCGGAGCCACTACCACACGCAGACAAGAAGCGAACACA,CTAGCTCGAGCCCCCACACCACCAAACGCCAAAAGACAAATCCCACCCGCCACCACTAAACCCCAAGGCCCACGTGGCGTCATCTGCTCCCTTTATTACCCCCACTTCTCCCGTAACTGATAACCCGGAGCCACTACCACACGCAGACAAGAAGCGAACACA,TAHPPDUTR1A_2_6A,TAHPPDUTR1A_6A,MODIFIED,0,0,1,112,0.4445150023813304,N
CTAGCTCGAGCCCCCACACCACCAAACGCCAAAAGACAAATCCCACCCGCCACCACTAAACCCCAAGGCCCACGTGGCGTCATCTGCTCCCTTTATTACCCCCACTTCTCCCGTAACTGATAACCCGAAGCCACTACCACACGCAGACAAGAAGCGAACACA,CTAGCTCGAGCCCCCACACCACCAAACGCCAAAAGACAAATCCCACCCGCCACCACTAAACCCCAAGGCCCACGTGGCGTCATCTGCTCCCTTTATTACCCCCACTTCTCCCGTAACTGATAACCCGGAGCCACTACCACACGCAGACAAGAAGCGAACACA,TAHPPDUTR1A_2_6A,TAHPPDUTR1A_6A,MODIFIED,0,0,1,97,0.38498174313383077,N
CTAGCTCGAGCCCCCACACCACCAAACGCCAAAAGACAAATCCCACCCGCCACCACTAAACCCCAAGGCCCACGTGGCGCCATCTGCTCCCTTTATTACCCCCACTTCTCCCGTAACTGATAACCCGGAGCCACTACCACACGCAGACAAGAAGCGAACACA,CTAGCTCGAGCCCCCACACCACCAAACGCCAAAAGACAAATCCCACCCGCCACCACTAAACCCCAAGGCCCACGTGGCGTCATCTGCTCCCTTTATTACCCCCACTTCTCCCGTAACTGATAACCCGGAGCCACTACCACACGCAGACAAGAAGCGAACACA,TAHPPDUTR1A_2_6A,TAHPPDUTR1A_6A,MODIFIED,0,0,1,96,0.38101285918399747,N
CTAGCTCGAGCCCCCACACCACCAAACGCCGAAAGACAAATCCCACCCGCCACCACTAAACCCCAAGGCCCACGTGGCGTCATCTGCTCCCTTTATTACCCCCACTTCTCCCGTAACTGATAACCCGGAGCCACTACCACACGCAGACAAGAAGCGAACACA,CTAGCTCGAGCCCCCACACCACCAAACGCCAAAAGACAAATCCCACCCGCCACCACTAAACCCCAAGGCCCACGTGGCGTCATCTGCTCCCTTTATTACCCCCACTTCTCCCGTAACTGATAACCCGGAGCCACTACCACACGCAGACAAGAAGCGAACACA,TAHPPDUTR1A_2_6A,TAHPPDUTR1A_6A,MODIFIED,0,0,1,78,0.3095729480869979,N
CTAGCTCGAGCCCCCACACCACCAAACGCCAAAAGACAAATCCCACCCGCCACCACTAAACCCCAAGGCCCACGTGGCGTCATCTGCTCCCTTTATTACCCCCACTCCTCCCGTAACTGATAACCCGGAGCCACTACCACACGCAGACAAGAAGCGAACACA,CTAGCTCGAGCCCCCACACCACCAAACGCCAAAAGACAAATCCCACCCGCCACCACTAAACCCCAAGGCCCACGTGGCGTCATCTGCTCCCTTTATTACCCCCACTTCTCCCGTAACTGATAACCCGGAGCCACTACCACACGCAGACAAGAAGCGAACACA,TAHPPDUTR1A_2_6A,TAHPPDUTR1A_6A,MODIFIED,0,0,1,73,0.2897285283378314,N
CTAGCTCGAGCCCCCACACCACCAAACGCCAAAAGACAAATCCCACCCGCCACCACTAAACCCCAAGGCCCACGTGGTGTCATCTGCTCCCTTTATTACCCCCACTTCTCCCGTAACTGATAACCCGGAGCCACTACCACACGCAGACAAGAAGCGAACACA,CTAGCTCGAGCCCCCACACCACCAAACGCCAAAAGACAAATCCCACCCGCCACCACTAAACCCCAAGGCCCACGTGGCGTCATCTGCTCCCTTTATTACCCCCACTTCTCCCGTAACTGATAACCCGGAGCCACTACCACACGCAGACAAGAAGCGAACACA,TAHPPDUTR1A_2_6A,TAHPPDUTR1A_6A,MODIFIED,0,0,1,66,0.26194634068899825,N
CTAGCTCGAGCCCCCACACCACCAAACGCCAAAAGACAAATCCCACCCGCCACCACTAAACCCCAAGGCCCACGTGGCGTCATCTGCTCCCTTTATTACCCCCACTTCTCCCGTAACTGATAACCCGGAGCCACTACCACACACAGACAAGAAGCGAACACA,CTAGCTCGAGCCCCCACACCACCAAACGCCAAAAGACAAATCCCACCCGCCACCACTAAACCCCAAGGCCCACGTGGCGTCATCTGCTCCCTTTATTACCCCCACTTCTCCCGTAACTGATAACCCGGAGCCACTACCACACGCAGACAAGAAGCGAACACA,TAHPPDUTR1A_2_6A,TAHPPDUTR1A_6A,MODIFIED,0,0,1,65,0.25797745673916495,N


